ano,periodo,estudante,ira_nb1,ira_mr1,ira_nb3,rec_s1,rec_s2,qtd_disciplinas,ap,ac,rt,rf,resultado_final,situacao_atual,grupo
2013,2,1E3F43B5,66.4,71.67,71.27,3.0,0.0,15,15.0,0.0,0.0,0.0,Aprovado,Concluído,B
2013,3,834ACD28,68.83,71.92,72.31,0.0,0.0,12,12.0,0.0,0.0,0.0,Aprovado,Concluído,A
2013,3,E7AAEDC6,65.42,64.25,65.19,3.0,1.0,12,11.0,0.0,1.0,0.0,Aprovado,Transferido Externo,C
2013,3,64E8060D,70.42,71.25,72.0,2.0,0.0,12,12.0,0.0,0.0,0.0,Aprovado,Concluído,B
2013,3,0F8AAB02,65.33,69.92,70.67,2.0,0.0,12,12.0,0.0,0.0,0.0,Aprovado,Concluído,B
2013,3,6078E744,62.33,64.92,65.75,2.0,1.0,12,12.0,0.0,0.0,0.0,Aprovado,Concluído,B
2013,3,AE33BC5B,69.42,67.25,68.67,1.0,0.0,12,12.0,0.0,0.0,0.0,Aprovado,Evasão,B
2013,3,6383C701,67.0,65.42,64.58,3.0,1.0,12,12.0,0.0,0.0,0.0,Aprovado,Concluído,B
2013,3,7BFE4D44,67.67,71.33,74.36,1.0,0.0,12,12.0,0.0,0.0,0.0,Aprovado,Concluído,B
2013,3,E5770D3B,37.0,36.0,24.0,1.0,2.0,2,0.0,0.0,0.0,2.0,Reprovado,Transferido Externo,D
2013,3,9696170C,77.58,74.42,70.06,0.0,2.0,12,11.0,0.0,1.0,0.0,Aprovado,Transferido Externo,C
2013,3,0F9BEF6C,57.25,61.08,62.53,4.0,1.0,12,12.0,0.0,0.0,0.0,Aprovado,Concluído,B
2013,3,D82718BB,67.67,69.92,70.86,1.0,0.0,12,12.0,0.0,0.0,0.0,Aprovado,Concluído,B
2013,3,C8B4FDB8,74.42,77.67,79.28,0.0,0.0,12,12.0,0.0,0.0,0.0,Aprovado,Concluído,A
2013,2,775D904B,67.13,70.93,70.64,3.0,1.0,15,15.0,0.0,0.0,0.0,Aprovado,Concluído,B
2013,2,38C5FCF7,71.93,71.4,70.87,1.0,1.0,15,15.0,0.0,0.0,0.0,Aprovado,Concluído,B
2013,2,695EA01B,75.0,73.53,72.47,1.0,0.0,15,15.0,0.0,0.0,0.0,Aprovado,Concluído,B
2013,2,A46B6518,62.53,64.13,63.67,7.0,2.0,15,14.0,0.0,1.0,0.0,Reprovado,Transferido Externo,D
2013,2,AF795911,78.0,61.67,41.11,2.0,3.0,3,0.0,0.0,3.0,0.0,Reprovado,Transferido Externo,D
2013,2,CAE4AEF2,56.0,59.93,60.04,8.0,4.0,15,15.0,0.0,0.0,0.0,Aprovado,Transferido Externo,B
2013,2,408FEA2F,43.5,23.25,15.5,4.0,4.0,4,0.0,0.0,0.0,4.0,Reprovado,Transferido Externo,E
2013,2,C155DF28,68.0,68.0,66.36,4.0,2.0,15,15.0,0.0,0.0,0.0,Aprovado,Transferido Externo,B
2013,2,E681CFCA,51.25,41.25,27.5,4.0,4.0,4,0.0,0.0,0.0,4.0,Reprovado,Transferido Externo,E
2013,2,02C78FC7,61.47,61.93,64.47,5.0,0.0,15,15.0,0.0,0.0,0.0,Aprovado,Concluído,B
2013,2,EA4E4186,71.93,73.67,72.22,1.0,1.0,15,15.0,0.0,0.0,0.0,Aprovado,Concluído,B
2013,2,D3493CBE,45.0,56.5,45.33,1.0,2.0,2,0.0,0.0,2.0,0.0,Reprovado,Transferido Externo,D
2013,2,E23A236D,64.07,66.6,65.38,3.0,2.0,15,15.0,0.0,0.0,0.0,Aprovado,Concluído,B
2013,2,5A2E9C49,69.73,70.0,70.71,2.0,0.0,15,15.0,0.0,0.0,0.0,Aprovado,Concluído,B
2013,2,345023FB,57.93,63.2,64.02,8.0,2.0,15,15.0,0.0,0.0,0.0,Aprovado,Concluído,B
2013,2,6C47C398,69.0,65.4,66.2,5.0,2.0,15,15.0,0.0,0.0,0.0,Aprovado,Concluído,B
2013,2,D809A5B8,49.67,56.6,59.44,11.0,4.0,15,13.0,0.0,2.0,0.0,Reprovado,Evasão,D
2013,2,5728D1CD,66.8,68.73,67.58,2.0,2.0,15,15.0,0.0,0.0,0.0,Aprovado,Concluído,B
2013,2,BD635642,60.27,55.87,53.36,9.0,7.0,15,12.0,0.0,3.0,0.0,Aprovado,Transferido Externo,C
2013,1,494DB92F,69.73,67.07,66.69,3.0,2.0,15,15.0,0.0,0.0,0.0,Aprovado,Transferido Externo,B
2013,1,AC5D6A90,83.93,81.33,80.29,0.0,0.0,15,15.0,0.0,0.0,0.0,Aprovado,Concluído,A
2013,3,9646E714,63.25,65.83,67.33,4.0,1.0,12,12.0,0.0,0.0,0.0,Aprovado,Concluído,B
2013,1,9891B9D8,68.33,70.07,69.73,0.0,3.0,15,15.0,0.0,0.0,0.0,Aprovado,Concluído,B
2013,1,9ACD8AD8,64.73,64.0,63.96,6.0,4.0,15,15.0,0.0,0.0,0.0,Aprovado,Transferido Externo,B
2013,1,7C02706A,55.73,61.53,61.8,5.0,2.0,15,15.0,0.0,0.0,0.0,Aprovado,Evasão,B
2013,1,16E811C9,69.6,67.67,65.89,2.0,3.0,15,15.0,0.0,0.0,0.0,Aprovado,Concluído,B
2013,1,90C41DC3,51.6,48.73,48.71,11.0,11.0,15,8.0,0.0,7.0,0.0,Reprovado,Evasão,D
2013,1,C9DA2693,64.8,66.8,66.07,2.0,2.0,15,15.0,0.0,0.0,0.0,Aprovado,Concluído,B
2013,1,4A73ABC3,60.47,64.2,64.36,7.0,1.0,15,14.0,1.0,0.0,0.0,Aprovado,Concluído,C
2013,1,9D634BDC,52.67,52.4,53.6,10.0,10.0,15,7.0,0.0,8.0,0.0,Reprovado,Evasão,D
2013,1,2A83844C,72.53,72.27,71.02,2.0,0.0,15,15.0,0.0,0.0,0.0,Aprovado,Concluído,B
2013,1,49DB22D9,65.87,70.27,69.18,3.0,1.0,15,15.0,0.0,0.0,0.0,Aprovado,Concluído,B
2013,1,35DE8C79,73.07,74.07,72.69,1.0,1.0,15,15.0,0.0,0.0,0.0,Aprovado,Concluído,B
2013,1,90E28B63,65.67,65.8,64.36,4.0,5.0,15,15.0,0.0,0.0,0.0,Aprovado,Concluído,B
2013,1,DEA8FD5C,60.13,61.6,60.71,7.0,5.0,15,14.0,1.0,0.0,0.0,Aprovado,Concluído,C
2013,1,61552900,63.93,65.6,65.56,8.0,1.0,15,15.0,0.0,0.0,0.0,Aprovado,Concluído,B
2013,1,C1022686,61.07,66.6,67.82,5.0,3.0,15,15.0,0.0,0.0,0.0,Aprovado,Concluído,B
2013,1,E8E2BE3A,78.0,78.8,78.18,0.0,1.0,15,15.0,0.0,0.0,0.0,Aprovado,Concluído,B
2013,1,BD513B82,53.4,44.27,34.87,15.0,15.0,15,0.0,0.0,0.0,15.0,Reprovado,Transferido Externo,E
2013,1,4C9AE3CD,66.33,69.33,70.29,1.0,0.0,15,15.0,0.0,0.0,0.0,Aprovado,Concluído,B
2013,1,BC463EF3,58.4,58.07,56.8,7.0,6.0,15,13.0,2.0,0.0,0.0,Aprovado,Transferido Externo,C
2013,1,1F6B7D78,82.4,81.67,79.02,0.0,0.0,15,15.0,0.0,0.0,0.0,Aprovado,Concluído,A
2013,1,6C0B4390,18.83,18.33,17.33,5.0,6.0,6,0.0,0.0,0.0,6.0,Reprovado,Transferido Externo,E
2013,1,965539F8,75.27,77.13,73.87,0.0,2.0,15,15.0,0.0,0.0,0.0,Aprovado,Evasão,B
2013,1,4DB487EE,53.27,55.07,49.31,11.0,15.0,15,0.0,0.0,0.0,15.0,Reprovado,Transferido Externo,E
2013,1,95FCDD37,53.13,53.33,53.62,9.0,9.0,15,7.0,0.0,8.0,0.0,Aprovado,Transferido Externo,C
2013,1,5F83DEC9,52.67,51.33,52.69,11.0,7.0,15,10.0,0.0,5.0,0.0,Aprovado,Transferido Externo,C
2013,1,61FAABDC,48.2,51.27,51.98,9.0,8.0,15,9.0,0.0,6.0,0.0,Aprovado,Transferido Externo,C
2013,1,D5D4574C,53.13,54.33,54.91,11.0,8.0,15,8.0,0.0,7.0,0.0,Reprovado,Concluído,D
2013,1,299A5814,55.4,57.13,58.33,8.0,7.0,15,15.0,0.0,0.0,0.0,Aprovado,Concluído,B
2013,1,FF1FB736,70.33,71.0,71.78,0.0,2.0,15,15.0,0.0,0.0,0.0,Aprovado,Concluído,B
2013,1,60A48A55,72.53,73.2,73.6,1.0,2.0,15,15.0,0.0,0.0,0.0,Aprovado,Concluído,B
2013,1,38A51D47,70.0,72.73,71.73,5.0,0.0,15,15.0,0.0,0.0,0.0,Aprovado,Concluído,B
2013,1,81B12980,55.53,54.47,56.04,10.0,5.0,15,10.0,0.0,5.0,0.0,Reprovado,Transferido Externo,D
2013,1,A8A31382,2.67,2.33,1.56,15.0,15.0,15,0.0,0.0,0.0,15.0,Reprovado,Evasão,E
2013,1,A378B96B,51.6,55.4,58.56,10.0,3.0,15,15.0,0.0,0.0,0.0,Aprovado,Transferido Externo,B
2013,1,EB608B56,69.33,73.0,71.44,3.0,1.0,15,15.0,0.0,0.0,0.0,Aprovado,Concluído,B
2013,1,45BC2B83,59.4,59.0,59.22,7.0,7.0,15,11.0,0.0,4.0,0.0,Reprovado,Transferido Externo,D
2013,1,D5FCBA10,71.93,70.2,69.49,2.0,0.0,15,15.0,0.0,0.0,0.0,Aprovado,Transferido Externo,B
2013,1,830E2663,68.47,65.93,67.87,0.0,2.0,15,15.0,0.0,0.0,0.0,Aprovado,Concluído,B
2013,1,FB979BE0,66.93,65.33,64.71,5.0,4.0,15,15.0,0.0,0.0,0.0,Aprovado,Concluído,B
2013,1,3D53E6AC,57.13,58.67,58.78,9.0,8.0,15,14.0,1.0,0.0,0.0,Aprovado,Concluído,C
2013,1,25DFEFC5,59.73,63.67,64.64,6.0,3.0,15,15.0,0.0,0.0,0.0,Aprovado,Concluído,B
2013,1,CDF75FFD,62.73,64.27,66.24,6.0,2.0,15,15.0,0.0,0.0,0.0,Aprovado,Concluído,B
2013,1,50988633,67.07,66.47,66.42,5.0,2.0,15,15.0,0.0,0.0,0.0,Aprovado,Concluído,B
2013,1,62532DF5,61.53,64.33,65.42,5.0,2.0,15,15.0,0.0,0.0,0.0,Aprovado,Concluído,B
2013,1,89714796,63.07,67.4,67.38,4.0,2.0,15,15.0,0.0,0.0,0.0,Aprovado,Concluído,B
2013,1,6368A2AB,71.87,73.93,70.56,1.0,2.0,15,15.0,0.0,0.0,0.0,Aprovado,Concluído,B
2013,1,9C315E77,36.33,18.33,12.22,3.0,3.0,3,0.0,0.0,0.0,3.0,Reprovado,Transferido Externo,D
2013,1,494A71C1,58.2,59.87,61.62,5.0,3.0,15,15.0,0.0,0.0,0.0,Aprovado,Transferido Externo,B
2013,1,BE06124A,67.6,70.73,71.87,3.0,1.0,15,15.0,0.0,0.0,0.0,Aprovado,Concluído,B
2013,1,FCBFA91E,65.07,69.6,69.2,5.0,4.0,15,15.0,0.0,0.0,0.0,Aprovado,Concluído,B
2013,1,7EA12374,63.33,62.07,63.2,7.0,0.0,15,15.0,0.0,0.0,0.0,Aprovado,Concluído,B
2013,1,036E060D,65.0,70.67,70.56,4.0,0.0,15,15.0,0.0,0.0,0.0,Aprovado,Concluído,B
2013,1,015854D9,52.13,53.8,53.44,10.0,10.0,15,9.0,0.0,6.0,0.0,Reprovado,Transferido Externo,D
2013,1,B2063A6D,53.47,58.87,58.44,8.0,6.0,15,15.0,0.0,0.0,0.0,Aprovado,Transferido Externo,B
2013,1,5223A888,52.47,52.6,52.84,11.0,9.0,15,10.0,0.0,5.0,0.0,Reprovado,Transferido Externo,D
2013,1,5251D3D6,58.0,62.0,64.67,0.0,1.0,1,0.0,0.0,0.0,1.0,Reprovado,Transferido Externo,D
2013,2,52469927,58.2,57.07,57.67,9.0,4.0,15,15.0,0.0,0.0,0.0,Aprovado,Concluído,B
2013,2,38C6FBA5,63.8,63.33,63.38,5.0,1.0,15,15.0,0.0,0.0,0.0,Aprovado,Concluído,B
2013,2,29581807,60.2,59.73,59.69,7.0,2.0,15,15.0,0.0,0.0,0.0,Aprovado,Concluído,B
2013,2,98220638,52.27,56.33,57.71,7.0,3.0,15,15.0,0.0,0.0,0.0,Aprovado,Concluído,B
2013,2,B185A426,64.13,67.53,66.24,5.0,4.0,15,15.0,0.0,0.0,0.0,Aprovado,Concluído,B
2013,2,39C8D1F9,73.93,70.07,70.07,0.0,1.0,15,15.0,0.0,0.0,0.0,Aprovado,Transferido Externo,B
2013,2,B721453C,78.47,73.33,73.58,0.0,1.0,15,15.0,0.0,0.0,0.0,Aprovado,Concluído,B
2013,2,518FC51F,57.87,63.87,63.87,6.0,2.0,15,15.0,0.0,0.0,0.0,Aprovado,Concluído,B
2013,2,65305BDB,65.27,63.2,63.84,3.0,1.0,15,15.0,0.0,0.0,0.0,Aprovado,Concluído,B
2013,2,CE16B40D,62.33,62.33,63.09,4.0,2.0,15,15.0,0.0,0.0,0.0,Aprovado,Concluído,B
2013,2,6DBCE822,58.0,59.4,58.16,7.0,3.0,15,15.0,0.0,0.0,0.0,Aprovado,Concluído,B
2013,3,C4AC1FDE,59.83,66.0,66.75,3.0,0.0,12,12.0,0.0,0.0,0.0,Aprovado,Concluído,B
2013,3,125F454F,71.75,75.33,77.22,1.0,0.0,12,12.0,0.0,0.0,0.0,Aprovado,Concluído,B
2013,3,22C3D8C3,64.75,68.25,69.58,3.0,1.0,12,12.0,0.0,0.0,0.0,Aprovado,Concluído,B
2013,3,0E5CDBA9,62.17,64.92,67.42,5.0,0.0,12,12.0,0.0,0.0,0.0,Aprovado,Evasão,B
2013,3,8C07C047,71.92,73.83,75.69,0.0,0.0,12,12.0,0.0,0.0,0.0,Aprovado,Concluído,A
2013,3,C24A4BD5,65.83,69.58,72.14,3.0,0.0,12,12.0,0.0,0.0,0.0,Aprovado,Concluído,B
2013,3,ED857239,78.0,82.67,85.39,0.0,0.0,12,12.0,0.0,0.0,0.0,Aprovado,Concluído,A
2013,3,4CB91C44,74.08,74.25,75.89,0.0,0.0,12,12.0,0.0,0.0,0.0,Aprovado,Concluído,A
2013,3,33A6A642,70.67,74.33,78.5,0.0,0.0,12,12.0,0.0,0.0,0.0,Aprovado,Concluído,A
2013,3,F1475B87,82.42,84.75,85.33,0.0,0.0,12,12.0,0.0,0.0,0.0,Aprovado,Concluído,A
2013,3,FCC8A542,66.42,65.92,68.81,2.0,0.0,12,12.0,0.0,0.0,0.0,Aprovado,Concluído,B
2013,3,5B1F3A85,75.0,74.83,77.5,1.0,0.0,12,12.0,0.0,0.0,0.0,Aprovado,Concluído,B
2013,3,E886354B,68.33,70.58,74.25,3.0,0.0,12,12.0,0.0,0.0,0.0,Aprovado,Evasão,B
2013,3,1B37A780,42.26,44.68,44.47,8.0,9.0,19,12.0,0.0,0.0,7.0,Aprovado,Evasão,
2013,3,00E3FA2E,67.92,68.25,70.33,3.0,1.0,12,12.0,0.0,0.0,0.0,Aprovado,Concluído,B
2013,3,1BF0F243,67.75,71.17,72.56,1.0,0.0,12,12.0,0.0,0.0,0.0,Aprovado,Concluído,B
2014,3,1E3F43B5,72.25,74.83,73.08,0.0,1.0,12,12.0,0.0,0.0,0.0,Aprovado,Concluído,B
2014,4,834ACD28,61.33,69.8,72.38,3.0,2.0,15,15.0,0.0,0.0,0.0,Aprovado,Concluído,B
2014,4,64E8060D,69.33,72.47,74.38,2.0,1.0,15,15.0,0.0,0.0,0.0,Aprovado,Concluído,B
2014,4,0F8AAB02,66.4,72.13,72.69,1.0,1.0,15,15.0,0.0,0.0,0.0,Aprovado,Concluído,B
2014,4,6078E744,60.47,69.33,69.67,3.0,1.0,15,15.0,0.0,0.0,0.0,Aprovado,Concluído,B
2014,4,AE33BC5B,66.13,75.0,75.6,3.0,1.0,15,15.0,0.0,0.0,0.0,Aprovado,Evasão,B
2014,4,6383C701,59.93,67.87,68.44,4.0,3.0,15,15.0,0.0,0.0,0.0,Aprovado,Concluído,B
2014,4,7BFE4D44,65.33,73.47,76.11,1.0,0.0,15,15.0,0.0,0.0,0.0,Aprovado,Concluído,B
2014,4,0F9BEF6C,57.47,63.47,65.11,3.0,2.0,15,15.0,0.0,0.0,0.0,Aprovado,Concluído,B
2014,4,D82718BB,65.2,71.33,71.51,1.0,2.0,15,15.0,0.0,0.0,0.0,Aprovado,Concluído,B
2014,4,C8B4FDB8,73.13,78.73,79.71,1.0,0.0,15,15.0,0.0,0.0,0.0,Aprovado,Concluído,B
2014,3,775D904B,70.33,72.83,70.97,0.0,2.0,12,12.0,0.0,0.0,0.0,Aprovado,Concluído,B
2014,3,38C5FCF7,71.67,74.17,72.06,1.0,1.0,12,12.0,0.0,0.0,0.0,Aprovado,Concluído,B
2014,3,695EA01B,74.83,73.83,73.97,0.0,0.0,12,12.0,0.0,0.0,0.0,Aprovado,Concluído,A
2014,2,A46B6518,60.0,30.0,20.0,1.0,1.0,1,0.0,0.0,1.0,0.0,Reprovado,Transferido Externo,D
2014,3,02C78FC7,66.17,68.5,66.86,1.0,1.0,12,12.0,0.0,0.0,0.0,Aprovado,Concluído,B
2014,3,EA4E4186,70.92,74.25,74.11,0.0,0.0,12,12.0,0.0,0.0,0.0,Aprovado,Concluído,A
2014,3,E23A236D,67.92,68.92,70.61,0.0,0.0,12,12.0,0.0,0.0,0.0,Aprovado,Concluído,A
2014,3,5A2E9C49,73.67,76.83,75.47,0.0,1.0,12,12.0,0.0,0.0,0.0,Aprovado,Concluído,B
2014,3,345023FB,65.42,68.33,67.81,2.0,2.0,12,12.0,0.0,0.0,0.0,Aprovado,Concluído,B
2014,3,6C47C398,62.08,65.67,64.36,5.0,1.0,12,12.0,0.0,0.0,0.0,Aprovado,Concluído,B
2014,2,D809A5B8,52.0,60.2,60.11,7.0,5.0,15,15.0,0.0,0.0,0.0,Aprovado,Evasão,B
2014,3,5728D1CD,63.17,64.83,65.67,4.0,0.0,12,12.0,0.0,0.0,0.0,Aprovado,Concluído,B
2014,2,AC5D6A90,75.67,77.33,74.47,1.0,2.0,15,15.0,0.0,0.0,0.0,Aprovado,Concluído,B
2014,4,9646E714,61.73,68.6,70.84,3.0,2.0,15,15.0,0.0,0.0,0.0,Aprovado,Concluído,B
2014,2,9891B9D8,69.2,71.27,69.09,3.0,4.0,15,15.0,0.0,0.0,0.0,Aprovado,Concluído,B
2014,2,7C02706A,58.67,66.53,65.29,4.0,6.0,15,15.0,0.0,0.0,0.0,Aprovado,Evasão,B
2014,2,16E811C9,59.33,63.2,63.0,4.0,4.0,15,15.0,0.0,0.0,0.0,Aprovado,Concluído,B
2014,1,90C41DC3,32.0,20.13,13.78,15.0,15.0,15,0.0,0.0,0.0,15.0,Reprovado,Evasão,E
2014,2,C9DA2693,61.93,66.2,66.27,3.0,4.0,15,15.0,0.0,0.0,0.0,Aprovado,Concluído,B
2014,2,4A73ABC3,59.6,63.67,59.91,5.0,5.0,15,15.0,0.0,0.0,0.0,Aprovado,Concluído,B
2014,1,9D634BDC,45.6,53.8,50.44,10.0,9.0,15,11.0,0.0,4.0,0.0,Reprovado,Evasão,D
2014,2,2A83844C,64.2,67.4,69.09,2.0,2.0,15,15.0,0.0,0.0,0.0,Aprovado,Concluído,B
2014,2,49DB22D9,61.47,67.67,67.53,3.0,3.0,15,15.0,0.0,0.0,0.0,Aprovado,Concluído,B
2014,2,35DE8C79,68.8,69.73,69.13,2.0,2.0,15,15.0,0.0,0.0,0.0,Aprovado,Concluído,B
2014,2,90E28B63,60.2,66.13,65.87,4.0,3.0,15,15.0,0.0,0.0,0.0,Aprovado,Concluído,B
2014,2,DEA8FD5C,61.33,65.67,65.42,5.0,2.0,15,15.0,0.0,0.0,0.0,Aprovado,Concluído,B
2014,2,61552900,59.0,64.33,65.09,3.0,3.0,15,15.0,0.0,0.0,0.0,Aprovado,Concluído,B
2014,2,C1022686,62.0,65.67,65.53,4.0,5.0,15,15.0,0.0,0.0,0.0,Aprovado,Concluído,B
2014,2,E8E2BE3A,65.53,71.53,72.04,3.0,2.0,15,15.0,0.0,0.0,0.0,Aprovado,Concluído,B
2014,2,4C9AE3CD,63.2,71.53,72.0,2.0,2.0,15,15.0,0.0,0.0,0.0,Aprovado,Concluído,B
2014,2,1F6B7D78,68.47,73.53,74.33,1.0,2.0,15,15.0,0.0,0.0,0.0,Aprovado,Concluído,B
2014,2,965539F8,44.87,63.0,63.04,6.0,2.0,15,15.0,0.0,0.0,0.0,Aprovado,Evasão,B
2014,1,4DB487EE,26.27,25.93,18.11,15.0,15.0,15,0.0,0.0,0.0,15.0,Reprovado,Transferido Externo,E
2014,1,D5D4574C,60.67,65.67,67.38,2.0,2.0,15,15.0,0.0,0.0,0.0,Aprovado,Concluído,B
2014,2,299A5814,51.53,57.2,56.49,8.0,6.0,15,15.0,0.0,0.0,0.0,Aprovado,Concluído,B
2014,2,FF1FB736,61.67,69.4,67.96,4.0,2.0,15,15.0,0.0,0.0,0.0,Aprovado,Concluído,B
2014,2,60A48A55,66.87,68.27,66.44,1.0,3.0,15,15.0,0.0,0.0,0.0,Aprovado,Concluído,B
2014,2,38A51D47,58.07,63.0,60.31,6.0,4.0,15,15.0,0.0,0.0,0.0,Aprovado,Concluído,B
2014,1,81B12980,56.53,61.47,60.38,9.0,3.0,15,13.0,0.0,2.0,0.0,Aprovado,Transferido Externo,C
2014,2,A378B96B,55.93,62.07,64.09,6.0,2.0,15,15.0,0.0,0.0,0.0,Aprovado,Transferido Externo,B
2014,2,EB608B56,63.93,66.53,63.31,4.0,4.0,15,15.0,0.0,0.0,0.0,Aprovado,Concluído,B
2014,1,45BC2B83,59.6,67.67,67.76,3.0,4.0,15,15.0,0.0,0.0,0.0,Aprovado,Transferido Externo,B
2014,2,D5FCBA10,72.6,75.2,70.91,1.0,3.0,15,15.0,0.0,0.0,0.0,Aprovado,Transferido Externo,B
2014,2,830E2663,62.4,69.47,68.0,3.0,4.0,15,15.0,0.0,0.0,0.0,Aprovado,Concluído,B
2014,2,FB979BE0,59.47,65.47,64.67,3.0,3.0,15,15.0,0.0,0.0,0.0,Aprovado,Concluído,B
2014,2,3D53E6AC,58.27,60.53,60.42,8.0,3.0,15,15.0,0.0,0.0,0.0,Aprovado,Concluído,B
2014,2,25DFEFC5,59.93,57.73,58.84,6.0,3.0,15,15.0,0.0,0.0,0.0,Aprovado,Concluído,B
2014,2,CDF75FFD,65.53,69.4,66.89,2.0,2.0,15,15.0,0.0,0.0,0.0,Aprovado,Concluído,B
2014,2,50988633,61.33,64.6,65.38,3.0,3.0,15,15.0,0.0,0.0,0.0,Aprovado,Concluído,B
2014,2,62532DF5,55.73,58.4,58.62,6.0,4.0,15,15.0,0.0,0.0,0.0,Aprovado,Concluído,B
2014,2,89714796,61.07,68.07,67.11,5.0,3.0,15,15.0,0.0,0.0,0.0,Aprovado,Concluído,B
2014,2,6368A2AB,61.67,68.13,65.73,2.0,2.0,15,15.0,0.0,0.0,0.0,Aprovado,Concluído,B
2014,2,494A71C1,58.53,62.53,62.8,5.0,5.0,15,14.0,1.0,0.0,0.0,Aprovado,Transferido Externo,C
2014,2,BE06124A,63.2,70.07,69.51,2.0,3.0,15,15.0,0.0,0.0,0.0,Aprovado,Concluído,B
2014,2,FCBFA91E,62.07,64.6,63.8,4.0,3.0,15,15.0,0.0,0.0,0.0,Aprovado,Concluído,B
2014,2,7EA12374,61.4,64.4,64.51,6.0,3.0,15,15.0,0.0,0.0,0.0,Aprovado,Concluído,B
2014,2,036E060D,59.73,69.13,68.16,5.0,3.0,15,15.0,0.0,0.0,0.0,Aprovado,Concluído,B
2014,1,015854D9,51.0,56.27,56.78,12.0,8.0,15,10.0,0.0,5.0,0.0,Aprovado,Transferido Externo,C
2014,2,B2063A6D,52.93,56.8,55.09,10.0,6.0,15,15.0,0.0,0.0,0.0,Aprovado,Transferido Externo,B
2014,1,5223A888,54.07,54.07,55.96,9.0,6.0,15,13.0,0.0,2.0,0.0,Aprovado,Transferido Externo,C
2014,3,52469927,60.42,67.08,66.83,3.0,0.0,12,12.0,0.0,0.0,0.0,Aprovado,Concluído,B
2014,3,38C6FBA5,59.75,66.33,65.64,3.0,0.0,12,12.0,0.0,0.0,0.0,Aprovado,Concluído,B
2014,3,29581807,68.0,67.08,66.92,2.0,0.0,12,12.0,0.0,0.0,0.0,Aprovado,Concluído,B
2014,3,98220638,70.5,71.42,72.0,2.0,0.0,12,12.0,0.0,0.0,0.0,Aprovado,Concluído,B
2014,3,B185A426,69.5,70.25,69.67,1.0,2.0,12,12.0,0.0,0.0,0.0,Aprovado,Concluído,B
2014,3,B721453C,72.25,73.67,76.22,1.0,0.0,12,12.0,0.0,0.0,0.0,Aprovado,Concluído,B
2014,3,518FC51F,60.08,68.75,70.42,3.0,0.0,12,12.0,0.0,0.0,0.0,Aprovado,Concluído,B
2014,3,65305BDB,66.42,69.92,68.64,0.0,0.0,12,12.0,0.0,0.0,0.0,Aprovado,Concluído,A
2014,3,CE16B40D,68.25,72.08,71.39,2.0,1.0,12,12.0,0.0,0.0,0.0,Aprovado,Concluído,B
2014,3,6DBCE822,55.25,56.67,59.28,5.0,0.0,12,12.0,0.0,0.0,0.0,Aprovado,Concluído,B
2014,4,C4AC1FDE,57.33,67.47,66.42,4.0,3.0,15,14.0,1.0,0.0,0.0,Aprovado,Concluído,C
2014,4,125F454F,67.93,73.87,74.91,2.0,0.0,15,15.0,0.0,0.0,0.0,Aprovado,Concluído,B
2014,4,22C3D8C3,56.2,65.67,69.27,3.0,2.0,15,15.0,0.0,0.0,0.0,Aprovado,Concluído,B
2014,4,0E5CDBA9,59.47,66.47,68.16,3.0,2.0,15,15.0,0.0,0.0,0.0,Aprovado,Evasão,B
2014,4,8C07C047,60.4,69.8,74.07,3.0,1.0,15,15.0,0.0,0.0,0.0,Aprovado,Concluído,B
2014,4,C24A4BD5,62.6,69.2,69.8,2.0,2.0,15,15.0,0.0,0.0,0.0,Aprovado,Concluído,B
2014,4,ED857239,73.8,80.47,82.96,1.0,0.0,15,15.0,0.0,0.0,0.0,Aprovado,Concluído,B
2014,4,4CB91C44,68.4,73.47,73.82,2.0,2.0,15,15.0,0.0,0.0,0.0,Aprovado,Concluído,B
2014,4,33A6A642,68.93,72.33,72.13,2.0,1.0,15,15.0,0.0,0.0,0.0,Aprovado,Concluído,B
2014,4,F1475B87,76.07,81.0,81.6,1.0,0.0,15,15.0,0.0,0.0,0.0,Aprovado,Concluído,B
2014,4,FCC8A542,63.73,68.93,70.8,2.0,1.0,15,15.0,0.0,0.0,0.0,Aprovado,Concluído,B
2014,4,5B1F3A85,67.53,73.0,75.91,1.0,1.0,15,15.0,0.0,0.0,0.0,Aprovado,Concluído,B
2014,4,E886354B,66.0,72.33,73.42,1.0,1.0,15,15.0,0.0,0.0,0.0,Aprovado,Evasão,B
2014,4,1B37A780,58.27,62.47,62.33,4.0,4.0,15,14.0,1.0,0.0,0.0,Aprovado,Evasão,C
2014,4,00E3FA2E,60.67,65.47,65.0,3.0,2.0,15,15.0,0.0,0.0,0.0,Aprovado,Concluído,B
2014,4,1BF0F243,66.73,70.93,72.24,3.0,1.0,15,15.0,0.0,0.0,0.0,Aprovado,Concluído,B
2014,1,A1B8B610,52.0,57.73,58.42,8.0,4.0,15,13.0,2.0,0.0,0.0,Aprovado,Evasão,C
2014,1,AAD56DAC,60.33,61.07,63.16,5.0,5.0,15,15.0,0.0,0.0,0.0,Aprovado,Concluído,B
2014,1,2FDD1701,46.67,53.73,53.64,13.0,10.0,15,7.0,0.0,8.0,0.0,Aprovado,Transferido Externo,C
2014,1,FAEB1EC7,49.07,55.47,57.18,11.0,4.0,15,13.0,2.0,0.0,0.0,Aprovado,Concluído,C
2014,1,C6E7A6BD,47.87,54.8,58.98,11.0,3.0,15,15.0,0.0,0.0,0.0,Aprovado,Concluído,B
2014,1,8698D977,41.67,49.87,53.2,12.0,7.0,15,10.0,0.0,5.0,0.0,Reprovado,Transferido Externo,D
2014,1,21645F63,69.27,72.53,74.04,0.0,1.0,15,15.0,0.0,0.0,0.0,Aprovado,Concluído,B
2014,1,1105C153,57.4,60.07,63.51,2.0,1.0,15,15.0,0.0,0.0,0.0,Aprovado,Concluído,B
2014,1,15FF09BA,49.33,58.0,57.22,12.0,5.0,15,12.0,0.0,3.0,0.0,Reprovado,Transferido Externo,D
2014,1,28B9F01F,68.93,72.73,74.87,2.0,1.0,15,15.0,0.0,0.0,0.0,Aprovado,Concluído,B
2014,1,EFF63AE4,68.07,70.53,72.27,1.0,1.0,15,15.0,0.0,0.0,0.0,Aprovado,Concluído,B
2014,1,73CCBC0E,58.13,63.4,62.98,8.0,6.0,15,14.0,1.0,0.0,0.0,Aprovado,Transferido Externo,C
2014,1,734E1784,53.0,63.67,64.22,7.0,3.0,15,14.0,1.0,0.0,0.0,Aprovado,Concluído,C
2014,1,D8FD05D9,60.47,62.93,65.33,6.0,2.0,15,15.0,0.0,0.0,0.0,Aprovado,Concluído,B
2014,1,D172A061,51.33,52.6,54.07,13.0,8.0,15,9.0,0.0,6.0,0.0,Aprovado,Transferido Externo,C
2014,1,F7FCB2F2,68.67,74.0,75.11,1.0,1.0,15,15.0,0.0,0.0,0.0,Aprovado,Concluído,B
2014,1,2E9BF775,57.6,63.07,62.98,7.0,2.0,15,15.0,0.0,0.0,0.0,Aprovado,Concluído,B
2014,1,143A4D3B,66.33,71.67,73.07,2.0,2.0,15,15.0,0.0,0.0,0.0,Aprovado,Concluído,B
2014,1,CD852E1F,82.4,83.67,82.62,0.0,1.0,15,15.0,0.0,0.0,0.0,Aprovado,Concluído,B
2014,1,98237215,77.73,79.33,79.44,0.0,1.0,15,15.0,0.0,0.0,0.0,Aprovado,Concluído,B
2014,1,F62AED20,53.87,53.2,52.8,10.0,11.0,15,7.0,0.0,8.0,0.0,Reprovado,Concluído,D
2014,1,84266AEC,71.13,62.6,67.51,1.0,2.0,15,15.0,0.0,0.0,0.0,Aprovado,Evasão,B
2014,1,C7775865,63.2,71.93,74.49,4.0,2.0,15,15.0,0.0,0.0,0.0,Aprovado,Concluído,B
2014,1,A43CD516,41.27,50.47,53.53,13.0,7.0,15,7.0,0.0,8.0,0.0,Aprovado,Transferido Externo,C
2014,1,10D5B8E1,42.6,54.53,55.98,12.0,6.0,15,10.0,0.0,5.0,0.0,Reprovado,Concluído,D
2014,1,E1A445EC,47.6,52.93,55.71,12.0,5.0,15,13.0,0.0,2.0,0.0,Reprovado,Concluído,D
2014,1,2108F15C,57.93,58.47,59.16,7.0,3.0,15,15.0,0.0,0.0,0.0,Aprovado,Transferido Externo,B
2014,1,2B90769E,64.13,69.8,69.58,3.0,1.0,15,15.0,0.0,0.0,0.0,Aprovado,Concluído,B
2014,1,BE6D1392,49.87,50.0,51.33,13.0,7.0,15,10.0,0.0,5.0,0.0,Aprovado,Evasão,C
2014,1,4E6DFF09,73.87,80.47,81.67,0.0,2.0,15,15.0,0.0,0.0,0.0,Aprovado,Concluído,B
2014,1,B4BB6DC7,51.67,58.73,61.24,9.0,2.0,15,15.0,0.0,0.0,0.0,Aprovado,Concluído,B
2014,1,3EDBD23D,49.6,46.0,32.13,14.0,15.0,15,0.0,0.0,0.0,15.0,Reprovado,Transferido Externo,E
2014,1,59705FE4,44.07,49.73,49.98,13.0,9.0,15,10.0,0.0,5.0,0.0,Aprovado,Transferido Externo,C
2014,1,2CF7DF78,63.53,72.6,75.44,2.0,2.0,15,15.0,0.0,0.0,0.0,Aprovado,Concluído,B
2014,1,C97C77DC,64.2,69.2,70.24,3.0,1.0,15,15.0,0.0,0.0,0.0,Aprovado,Concluído,B
2014,1,D7647107,82.6,84.4,85.33,0.0,1.0,15,15.0,0.0,0.0,0.0,Aprovado,Transferido Externo,B
2014,1,E8BA1DF9,50.73,56.93,60.18,4.0,3.0,15,14.0,1.0,0.0,0.0,Aprovado,Transferido Externo,C
2014,1,5677A36E,54.33,60.13,61.84,6.0,3.0,15,14.0,1.0,0.0,0.0,Aprovado,Concluído,C
2014,1,89E28F86,49.33,57.13,62.2,7.0,2.0,15,15.0,0.0,0.0,0.0,Aprovado,Concluído,B
2014,1,BC2DAA1A,48.6,58.33,61.2,8.0,1.0,15,15.0,0.0,0.0,0.0,Aprovado,Concluído,B
2014,1,DD27288D,53.6,55.87,54.64,9.0,6.0,15,11.0,0.0,4.0,0.0,Reprovado,Concluído,D
2014,1,C74E981C,44.87,55.73,59.02,9.0,6.0,15,15.0,0.0,0.0,0.0,Aprovado,Evasão,B
2014,1,49EC1AFF,62.27,67.0,70.31,2.0,1.0,15,15.0,0.0,0.0,0.0,Aprovado,Concluído,B
2014,1,89E15D62,40.67,45.27,46.47,12.0,10.0,15,7.0,0.0,8.0,0.0,Aprovado,Transferido Externo,C
2014,1,216C01C9,55.67,64.8,68.02,5.0,1.0,15,15.0,0.0,0.0,0.0,Aprovado,Concluído,B
2014,1,3C27D89B,50.47,62.67,65.91,6.0,2.0,15,15.0,0.0,0.0,0.0,Aprovado,Concluído,B
2014,1,243BA35D,36.2,41.93,41.49,14.0,10.0,15,4.0,0.0,11.0,0.0,Aprovado,Transferido Externo,C
2014,1,E7DDA88B,51.33,55.07,57.09,11.0,3.0,15,15.0,0.0,0.0,0.0,Aprovado,Transferido Externo,B
2014,1,6B81CDD5,50.73,54.47,52.47,10.0,10.0,15,9.0,0.0,6.0,0.0,Reprovado,Transferido Externo,D
2014,1,430C4928,66.47,70.53,71.8,2.0,1.0,15,15.0,0.0,0.0,0.0,Aprovado,Concluído,B
2014,1,DBA17D5E,49.6,57.53,58.73,9.0,3.0,15,14.0,1.0,0.0,0.0,Aprovado,Concluído,C
2014,1,DB97B325,43.93,24.8,16.53,15.0,15.0,15,0.0,0.0,0.0,15.0,Reprovado,Transferido Externo,E
2014,1,AD1A65FC,44.4,51.73,51.84,10.0,6.0,15,10.0,0.0,5.0,0.0,Reprovado,Concluído,D
2014,1,1BDAF010,53.8,60.13,63.47,8.0,2.0,15,15.0,0.0,0.0,0.0,Aprovado,Concluído,B
2014,1,12C1E79D,46.87,49.53,51.04,11.0,9.0,15,7.0,0.0,8.0,0.0,Aprovado,Transferido Externo,C
2014,1,0B3DFCA7,42.13,47.47,48.4,13.0,11.0,15,3.0,0.0,12.0,0.0,Aprovado,Transferido Externo,C
2014,1,D8E28519,32.47,42.33,36.62,14.0,15.0,15,0.0,0.0,0.0,15.0,Reprovado,Transferido Externo,E
2014,1,30FB2215,66.67,71.0,74.4,2.0,0.0,15,15.0,0.0,0.0,0.0,Aprovado,Concluído,B
2014,1,FE774FC1,51.67,54.13,54.0,10.0,7.0,15,10.0,0.0,5.0,0.0,Reprovado,Transferido Externo,D
2014,1,54B8841D,54.4,63.0,66.0,6.0,1.0,15,15.0,0.0,0.0,0.0,Aprovado,Concluído,B
2014,1,76DA0A39,40.07,39.93,40.8,14.0,11.0,15,5.0,0.0,10.0,0.0,Aprovado,Transferido Externo,C
2014,1,6C0A8908,52.93,61.67,64.89,6.0,2.0,15,15.0,0.0,0.0,0.0,Aprovado,Concluído,B
2014,1,BCE9E60F,47.93,54.0,53.73,11.0,9.0,15,6.0,0.0,9.0,0.0,Aprovado,Transferido Externo,C
2014,1,1B9D9A4C,50.93,59.27,58.87,7.0,5.0,15,14.0,1.0,0.0,0.0,Aprovado,Concluído,C
2015,4,1E3F43B5,72.33,74.73,74.38,2.0,2.0,15,15.0,0.0,0.0,0.0,Aprovado,Concluído,B
2015,4,775D904B,74.73,71.53,68.29,2.0,3.0,15,15.0,0.0,0.0,0.0,Aprovado,Concluído,B
2015,4,38C5FCF7,76.93,74.93,73.44,3.0,2.0,15,15.0,0.0,0.0,0.0,Aprovado,Concluído,B
2015,4,695EA01B,75.73,73.2,69.93,1.0,2.0,15,15.0,0.0,0.0,0.0,Aprovado,Concluído,B
2015,4,02C78FC7,70.47,67.6,64.36,3.0,4.0,15,15.0,0.0,0.0,0.0,Aprovado,Concluído,B
2015,4,EA4E4186,71.73,72.4,72.02,1.0,3.0,15,15.0,0.0,0.0,0.0,Aprovado,Concluído,B
2015,4,E23A236D,71.4,71.53,69.53,2.0,2.0,15,15.0,0.0,0.0,0.0,Aprovado,Concluído,B
2015,4,5A2E9C49,79.27,77.13,75.82,1.0,2.0,15,15.0,0.0,0.0,0.0,Aprovado,Concluído,B
2015,4,345023FB,71.27,72.27,71.0,4.0,2.0,15,15.0,0.0,0.0,0.0,Aprovado,Concluído,B
2015,4,6C47C398,66.6,65.0,65.73,6.0,2.0,15,15.0,0.0,0.0,0.0,Aprovado,Concluído,B
2015,4,5728D1CD,66.0,65.67,64.8,4.0,3.0,15,15.0,0.0,0.0,0.0,Aprovado,Concluído,B
2015,3,AC5D6A90,68.25,71.67,72.25,2.0,2.0,12,12.0,0.0,0.0,0.0,Aprovado,Concluído,B
2015,3,9891B9D8,60.33,64.17,65.56,3.0,3.0,12,12.0,0.0,0.0,0.0,Aprovado,Concluído,B
2015,3,7C02706A,58.25,62.75,63.03,3.0,6.0,12,12.0,0.0,0.0,0.0,Aprovado,Evasão,B
2015,3,16E811C9,56.83,59.67,60.97,4.0,4.0,12,12.0,0.0,0.0,0.0,Aprovado,Concluído,B
2015,3,C9DA2693,58.92,61.17,64.72,3.0,4.0,12,12.0,0.0,0.0,0.0,Aprovado,Concluído,B
2015,3,4A73ABC3,59.58,61.0,64.72,5.0,3.0,12,12.0,0.0,0.0,0.0,Aprovado,Concluído,B
2015,1,9D634BDC,50.25,56.12,58.65,11.0,5.0,16,14.0,2.0,0.0,0.0,Aprovado,Evasão,C
2015,3,2A83844C,63.25,67.83,71.72,3.0,2.0,12,12.0,0.0,0.0,0.0,Aprovado,Concluído,B
2015,3,49DB22D9,54.33,59.67,62.39,4.0,4.0,12,12.0,0.0,0.0,0.0,Aprovado,Concluído,B
2015,3,35DE8C79,64.92,66.92,68.89,2.0,3.0,12,12.0,0.0,0.0,0.0,Aprovado,Concluído,B
2015,3,90E28B63,52.58,53.0,56.92,4.0,2.0,12,12.0,0.0,0.0,0.0,Aprovado,Concluído,B
2015,3,DEA8FD5C,51.08,56.92,56.14,6.0,7.0,12,12.0,0.0,0.0,0.0,Aprovado,Concluído,B
2015,3,61552900,58.17,61.08,65.64,6.0,2.0,12,12.0,0.0,0.0,0.0,Aprovado,Concluído,B
2015,3,C1022686,60.42,60.58,62.25,5.0,4.0,12,12.0,0.0,0.0,0.0,Aprovado,Concluído,B
2015,3,E8E2BE3A,71.08,74.75,76.61,3.0,2.0,12,12.0,0.0,0.0,0.0,Aprovado,Concluído,B
2015,3,4C9AE3CD,66.58,67.5,70.58,4.0,2.0,12,12.0,0.0,0.0,0.0,Aprovado,Concluído,B
2015,3,1F6B7D78,75.42,73.58,74.42,2.0,2.0,12,12.0,0.0,0.0,0.0,Aprovado,Concluído,B
2015,3,965539F8,77.33,77.58,77.69,2.0,5.0,12,12.0,0.0,0.0,0.0,Aprovado,Evasão,B
2015,2,D5D4574C,63.24,62.82,64.35,5.0,3.0,17,17.0,0.0,0.0,0.0,Aprovado,Concluído,B
2015,3,299A5814,50.25,49.83,49.11,9.0,6.0,12,10.0,0.0,2.0,0.0,Aprovado,Concluído,C
2015,3,FF1FB736,62.75,62.92,64.14,2.0,5.0,12,12.0,0.0,0.0,0.0,Aprovado,Concluído,B
2015,3,60A48A55,60.08,62.83,66.5,3.0,2.0,12,12.0,0.0,0.0,0.0,Aprovado,Concluído,B
2015,3,38A51D47,59.42,61.08,64.06,5.0,3.0,12,12.0,0.0,0.0,0.0,Aprovado,Concluído,B
2015,3,EB608B56,58.5,58.83,63.75,4.0,2.0,12,12.0,0.0,0.0,0.0,Aprovado,Concluído,B
2015,3,830E2663,58.08,60.67,64.36,5.0,3.0,12,12.0,0.0,0.0,0.0,Aprovado,Concluído,B
2015,3,FB979BE0,58.17,58.5,60.03,6.0,4.0,12,12.0,0.0,0.0,0.0,Aprovado,Concluído,B
2015,3,3D53E6AC,51.08,57.83,60.69,6.0,3.0,12,12.0,0.0,0.0,0.0,Aprovado,Concluído,B
2015,3,25DFEFC5,56.67,60.83,63.08,5.0,2.0,12,12.0,0.0,0.0,0.0,Aprovado,Concluído,B
2015,3,CDF75FFD,62.5,63.42,65.06,2.0,3.0,12,12.0,0.0,0.0,0.0,Aprovado,Concluído,B
2015,3,50988633,57.75,60.08,62.0,5.0,3.0,12,12.0,0.0,0.0,0.0,Aprovado,Concluído,B
2015,3,62532DF5,56.75,58.42,60.44,4.0,3.0,12,12.0,0.0,0.0,0.0,Aprovado,Concluído,B
2015,3,89714796,61.0,64.67,65.61,4.0,4.0,12,12.0,0.0,0.0,0.0,Aprovado,Concluído,B
2015,3,6368A2AB,62.92,62.0,64.67,3.0,4.0,12,12.0,0.0,0.0,0.0,Aprovado,Concluído,B
2015,3,BE06124A,59.0,63.83,66.14,4.0,2.0,12,12.0,0.0,0.0,0.0,Aprovado,Concluído,B
2015,3,FCBFA91E,56.33,63.17,65.25,4.0,4.0,12,12.0,0.0,0.0,0.0,Aprovado,Concluído,B
2015,3,7EA12374,58.0,62.17,63.58,3.0,2.0,12,12.0,0.0,0.0,0.0,Aprovado,Concluído,B
2015,3,036E060D,61.67,67.83,69.89,4.0,3.0,12,12.0,0.0,0.0,0.0,Aprovado,Concluído,B
2015,4,52469927,70.0,69.93,68.16,2.0,2.0,15,15.0,0.0,0.0,0.0,Aprovado,Concluído,B
2015,4,38C6FBA5,72.8,70.73,67.98,2.0,4.0,15,15.0,0.0,0.0,0.0,Aprovado,Concluído,B
2015,4,29581807,68.0,69.13,67.76,2.0,3.0,15,15.0,0.0,0.0,0.0,Aprovado,Concluído,B
2015,4,98220638,69.53,71.33,70.93,2.0,2.0,15,15.0,0.0,0.0,0.0,Aprovado,Concluído,B
2015,4,B185A426,74.2,74.53,72.84,3.0,4.0,15,15.0,0.0,0.0,0.0,Aprovado,Concluído,B
2015,4,B721453C,80.07,77.4,76.47,1.0,3.0,15,15.0,0.0,0.0,0.0,Aprovado,Concluído,B
2015,4,518FC51F,70.67,71.6,68.67,2.0,3.0,15,15.0,0.0,0.0,0.0,Aprovado,Concluído,B
2015,4,65305BDB,68.27,71.47,69.73,2.0,2.0,15,15.0,0.0,0.0,0.0,Aprovado,Concluído,B
2015,4,CE16B40D,77.13,75.2,71.6,2.0,3.0,15,15.0,0.0,0.0,0.0,Aprovado,Concluído,B
2015,4,6DBCE822,68.4,66.33,63.56,5.0,2.0,15,15.0,0.0,0.0,0.0,Aprovado,Concluído,B
2015,2,A1B8B610,46.35,47.35,50.86,13.0,5.0,17,15.0,0.0,2.0,0.0,Reprovado,Evasão,D
2015,2,AAD56DAC,59.41,62.76,65.55,6.0,4.0,17,17.0,0.0,0.0,0.0,Aprovado,Concluído,B
2015,2,FAEB1EC7,55.12,59.41,59.82,8.0,7.0,17,17.0,0.0,0.0,0.0,Aprovado,Concluído,B
2015,2,C6E7A6BD,54.76,57.65,58.75,9.0,7.0,17,16.0,1.0,0.0,0.0,Aprovado,Concluído,C
2015,1,8698D977,53.94,54.94,52.81,10.0,13.0,16,10.0,0.0,6.0,0.0,Aprovado,Transferido Externo,C
2015,2,21645F63,68.29,71.0,71.43,3.0,5.0,17,17.0,0.0,0.0,0.0,Aprovado,Concluído,B
2015,2,1105C153,59.24,60.12,60.45,8.0,7.0,17,17.0,0.0,0.0,0.0,Aprovado,Concluído,B
2015,1,15FF09BA,52.69,55.31,58.85,11.0,9.0,16,15.0,0.0,1.0,0.0,Reprovado,Transferido Externo,D
2015,2,28B9F01F,65.06,68.88,72.33,5.0,3.0,17,17.0,0.0,0.0,0.0,Aprovado,Concluído,B
2015,2,EFF63AE4,70.59,68.53,68.45,5.0,4.0,17,17.0,0.0,0.0,0.0,Aprovado,Concluído,B
2015,2,73CCBC0E,55.94,58.0,60.37,9.0,7.0,17,14.0,0.0,3.0,0.0,Reprovado,Transferido Externo,D
2015,2,734E1784,53.88,57.24,59.43,9.0,4.0,17,16.0,1.0,0.0,0.0,Aprovado,Concluído,C
2015,2,D8FD05D9,64.41,63.18,64.29,7.0,6.0,17,17.0,0.0,0.0,0.0,Aprovado,Concluído,B
2015,2,F7FCB2F2,67.06,69.53,68.14,4.0,2.0,17,17.0,0.0,0.0,0.0,Aprovado,Concluído,B
2015,2,2E9BF775,53.29,57.65,61.14,9.0,3.0,17,17.0,0.0,0.0,0.0,Aprovado,Concluído,B
2015,2,143A4D3B,70.53,64.24,64.04,4.0,5.0,17,17.0,0.0,0.0,0.0,Aprovado,Concluído,B
2015,2,CD852E1F,74.76,72.24,73.22,4.0,3.0,17,17.0,0.0,0.0,0.0,Aprovado,Concluído,B
2015,2,98237215,74.59,74.47,74.08,4.0,3.0,17,17.0,0.0,0.0,0.0,Aprovado,Concluído,B
2015,1,F62AED20,46.38,45.12,42.85,14.0,16.0,16,1.0,0.0,15.0,0.0,Reprovado,Concluído,D
2015,2,84266AEC,66.0,63.82,61.18,6.0,11.0,17,17.0,0.0,0.0,0.0,Aprovado,Evasão,B
2015,2,C7775865,64.94,65.47,68.22,5.0,4.0,17,17.0,0.0,0.0,0.0,Aprovado,Concluído,B
2015,1,10D5B8E1,41.19,50.56,50.77,14.0,10.0,16,9.0,0.0,7.0,0.0,Reprovado,Concluído,D
2015,1,E1A445EC,54.5,57.75,59.94,10.0,1.0,16,16.0,0.0,0.0,0.0,Aprovado,Concluído,B
2015,2,2B90769E,63.47,65.71,66.61,4.0,4.0,17,17.0,0.0,0.0,0.0,Aprovado,Concluído,B
2015,2,4E6DFF09,68.65,70.18,69.43,5.0,3.0,17,17.0,0.0,0.0,0.0,Aprovado,Concluído,B
2015,2,B4BB6DC7,56.0,56.65,57.37,10.0,5.0,17,17.0,0.0,0.0,0.0,Aprovado,Concluído,B
2015,2,2CF7DF78,70.0,71.59,72.0,4.0,3.0,17,17.0,0.0,0.0,0.0,Aprovado,Concluído,B
2015,2,C97C77DC,67.24,70.53,70.33,2.0,4.0,17,17.0,0.0,0.0,0.0,Aprovado,Concluído,B
2015,2,5677A36E,62.53,62.53,63.45,6.0,5.0,17,17.0,0.0,0.0,0.0,Aprovado,Concluído,B
2015,2,89E28F86,58.47,63.0,62.49,7.0,5.0,17,16.0,1.0,0.0,0.0,Aprovado,Concluído,C
2015,2,BC2DAA1A,59.76,61.18,61.76,6.0,8.0,17,17.0,0.0,0.0,0.0,Aprovado,Concluído,B
2015,1,DD27288D,52.25,60.19,62.85,8.0,6.0,16,16.0,0.0,0.0,0.0,Aprovado,Concluído,B
2015,2,C74E981C,62.06,60.18,62.04,6.0,5.0,17,16.0,1.0,0.0,0.0,Aprovado,Evasão,C
2015,2,49EC1AFF,63.24,68.41,68.31,6.0,5.0,17,17.0,0.0,0.0,0.0,Aprovado,Concluído,B
2015,2,216C01C9,57.59,61.06,63.59,8.0,2.0,17,17.0,0.0,0.0,0.0,Aprovado,Concluído,B
2015,2,3C27D89B,60.24,64.53,66.47,7.0,3.0,17,17.0,0.0,0.0,0.0,Aprovado,Concluído,B
2015,1,6B81CDD5,49.44,54.0,56.9,12.0,4.0,16,14.0,2.0,0.0,0.0,Aprovado,Transferido Externo,C
2015,2,430C4928,67.35,68.76,69.8,5.0,2.0,17,17.0,0.0,0.0,0.0,Aprovado,Concluído,B
2015,2,DBA17D5E,57.88,61.65,61.96,7.0,6.0,17,17.0,0.0,0.0,0.0,Aprovado,Concluído,B
2015,1,AD1A65FC,60.94,64.31,64.62,5.0,7.0,16,13.0,0.0,3.0,0.0,Reprovado,Concluído,D
2015,2,1BDAF010,55.82,56.29,59.63,8.0,2.0,17,17.0,0.0,0.0,0.0,Aprovado,Concluído,B
2015,2,30FB2215,71.47,75.59,75.8,4.0,2.0,17,17.0,0.0,0.0,0.0,Aprovado,Concluído,B
2015,1,FE774FC1,56.75,60.25,63.38,8.0,3.0,16,16.0,0.0,0.0,0.0,Aprovado,Transferido Externo,B
2015,2,54B8841D,66.29,66.71,68.04,4.0,4.0,17,17.0,0.0,0.0,0.0,Aprovado,Concluído,B
2015,2,6C0A8908,62.41,65.76,68.84,5.0,5.0,17,17.0,0.0,0.0,0.0,Aprovado,Concluído,B
2015,2,1B9D9A4C,58.53,63.18,60.33,9.0,9.0,17,17.0,0.0,0.0,0.0,Aprovado,Concluído,B
2015,1,9F8B6E53,50.94,53.25,58.5,13.0,3.0,16,15.0,1.0,0.0,0.0,Aprovado,Concluído,C
2015,1,7700125D,52.69,55.81,59.4,10.0,5.0,16,16.0,0.0,0.0,0.0,Aprovado,Concluído,B
2015,1,DBCCD963,34.56,43.38,29.12,14.0,16.0,16,0.0,0.0,0.0,16.0,Reprovado,Matriculado,E
2015,1,3F510127,48.31,57.12,54.12,11.0,9.0,16,10.0,0.0,6.0,0.0,Reprovado,Concluído,D
2015,1,C29E95AE,59.5,64.81,67.31,4.0,2.0,16,16.0,0.0,0.0,0.0,Aprovado,Concluído,B
2015,1,9E6AC136,53.56,55.75,59.06,12.0,4.0,16,15.0,1.0,0.0,0.0,Aprovado,Concluído,C
2015,1,76AFC1C1,48.44,52.69,57.31,12.0,6.0,16,15.0,1.0,0.0,0.0,Aprovado,Concluído,C
2015,1,3FD27951,48.38,47.31,47.46,14.0,16.0,16,0.0,0.0,0.0,16.0,Reprovado,Evasão,E
2015,1,0001C424,32.44,36.88,26.06,14.0,16.0,16,0.0,0.0,0.0,16.0,Reprovado,Matriculado,E
2015,1,FAF6F772,65.19,69.94,73.4,3.0,0.0,16,16.0,0.0,0.0,0.0,Aprovado,Concluído,B
2015,1,20220C1C,51.56,58.88,61.17,10.0,3.0,16,15.0,1.0,0.0,0.0,Aprovado,Transferido Externo,C
2015,1,2BFA03D9,57.88,61.38,64.48,9.0,3.0,16,16.0,0.0,0.0,0.0,Aprovado,Concluído,B
2015,1,425D9A11,48.13,52.33,56.82,11.0,3.0,15,13.0,0.0,2.0,0.0,Aprovado,Transferido Externo,C
2015,1,D011C7D7,63.19,64.81,68.21,5.0,3.0,16,16.0,0.0,0.0,0.0,Aprovado,Transferido Externo,B
2015,1,A4FA3EEA,18.31,23.12,17.71,16.0,16.0,16,0.0,0.0,0.0,16.0,Reprovado,Evasão,E
2015,1,41BC72AB,72.81,76.19,79.62,3.0,0.0,16,16.0,0.0,0.0,0.0,Aprovado,Concluído,B
2015,1,0C822DCA,65.56,64.31,66.77,4.0,1.0,16,16.0,0.0,0.0,0.0,Aprovado,Concluído,B
2015,1,1B1547E8,22.6,25.6,20.11,14.0,15.0,15,0.0,0.0,0.0,15.0,Reprovado,Cancelado,E
2015,1,C10610F3,51.5,62.81,66.04,9.0,1.0,16,16.0,0.0,0.0,0.0,Aprovado,Concluído,B
2015,1,F77919E0,45.25,52.12,57.62,13.0,4.0,16,16.0,0.0,0.0,0.0,Aprovado,Concluído,B
2015,1,C8794595,49.25,51.62,55.17,13.0,8.0,16,13.0,0.0,3.0,0.0,Reprovado,Concluído,D
2015,1,61507F6B,41.94,49.44,55.65,11.0,3.0,16,12.0,0.0,4.0,0.0,Reprovado,Concluído,D
2015,1,8E14904D,62.94,67.94,70.85,8.0,0.0,16,16.0,0.0,0.0,0.0,Aprovado,Concluído,B
2015,1,FE6DBF57,63.94,66.12,68.79,10.0,2.0,16,16.0,0.0,0.0,0.0,Aprovado,Concluído,B
2015,1,70915311,54.25,61.69,64.69,8.0,3.0,16,16.0,0.0,0.0,0.0,Aprovado,Concluído,B
2015,1,02B48BA3,43.94,46.56,45.0,11.0,14.0,16,4.0,0.0,12.0,0.0,Reprovado,Transferido Externo,D
2015,1,B79A9283,64.06,66.5,70.23,5.0,1.0,16,16.0,0.0,0.0,0.0,Aprovado,Concluído,B
2015,1,A9FF21C2,62.56,65.75,66.42,6.0,1.0,16,16.0,0.0,0.0,0.0,Aprovado,Concluído,B
2015,1,12AB2B00,53.69,56.94,59.0,9.0,5.0,16,16.0,0.0,0.0,0.0,Aprovado,Transferido Externo,B
2015,1,454C3D26,55.62,60.0,60.9,10.0,6.0,16,14.0,0.0,2.0,0.0,Aprovado,Transferido Externo,C
2015,1,6C14B926,65.69,70.94,70.92,5.0,7.0,16,16.0,0.0,0.0,0.0,Aprovado,Transferido Externo,B
2015,1,9138CCB1,44.56,49.5,52.94,12.0,8.0,16,10.0,0.0,6.0,0.0,Reprovado,Concluído,D
2015,1,318007E3,42.31,41.56,40.23,15.0,16.0,16,16.0,0.0,0.0,0.0,Aprovado,Transferido Externo,B
2016,4,AC5D6A90,75.13,76.8,76.96,0.0,1.0,15,15.0,0.0,0.0,0.0,Aprovado,Concluído,B
2016,4,9891B9D8,64.33,78.07,72.22,5.0,7.0,15,15.0,0.0,0.0,0.0,Aprovado,Concluído,B
2016,4,7C02706A,64.67,67.13,64.4,7.0,4.0,15,13.0,0.0,2.0,0.0,Reprovado,Evasão,D
2016,4,16E811C9,64.07,66.07,65.24,6.0,4.0,15,15.0,0.0,0.0,0.0,Aprovado,Concluído,B
2016,4,C9DA2693,72.67,76.07,75.31,1.0,0.0,15,15.0,0.0,0.0,0.0,Aprovado,Concluído,B
2016,4,4A73ABC3,76.73,75.93,74.91,3.0,1.0,15,15.0,0.0,0.0,0.0,Aprovado,Concluído,B
2016,2,9D634BDC,51.83,68.56,62.52,12.0,10.0,18,16.0,0.0,2.0,0.0,Reprovado,Evasão,D
2016,4,2A83844C,79.53,78.07,77.71,2.0,0.0,15,15.0,0.0,0.0,0.0,Aprovado,Concluído,B
2016,4,49DB22D9,70.0,72.2,70.84,4.0,1.0,15,15.0,0.0,0.0,0.0,Aprovado,Concluído,B
2016,4,35DE8C79,77.67,77.87,75.78,2.0,2.0,15,15.0,0.0,0.0,0.0,Aprovado,Concluído,B
2016,4,90E28B63,68.93,71.6,67.84,5.0,5.0,15,15.0,0.0,0.0,0.0,Aprovado,Concluído,B
2016,4,DEA8FD5C,74.13,76.6,74.18,2.0,2.0,15,15.0,0.0,0.0,0.0,Aprovado,Concluído,B
2016,4,61552900,79.2,82.33,79.67,1.0,0.0,15,15.0,0.0,0.0,0.0,Aprovado,Concluído,B
2016,4,C1022686,67.93,68.2,65.27,5.0,6.0,15,15.0,0.0,0.0,0.0,Aprovado,Concluído,B
2016,4,E8E2BE3A,80.0,81.4,78.44,1.0,1.0,15,15.0,0.0,0.0,0.0,Aprovado,Concluído,B
2016,4,4C9AE3CD,78.33,78.4,76.04,1.0,0.0,15,15.0,0.0,0.0,0.0,Aprovado,Concluído,B
2016,4,1F6B7D78,72.93,76.93,72.6,2.0,4.0,15,15.0,0.0,0.0,0.0,Aprovado,Concluído,B
2016,4,965539F8,49.27,28.13,20.09,15.0,14.0,15,0.0,0.0,0.0,15.0,Reprovado,Evasão,E
2016,3,D5D4574C,61.68,67.32,68.05,5.0,4.0,19,19.0,0.0,0.0,0.0,Aprovado,Concluído,B
2016,4,299A5814,58.82,68.41,68.22,6.0,5.0,17,16.0,0.0,0.0,1.0,Aprovado,Concluído,
2016,4,FF1FB736,69.67,78.6,74.8,4.0,2.0,15,15.0,0.0,0.0,0.0,Aprovado,Concluído,B
2016,4,60A48A55,75.8,77.27,74.64,2.0,2.0,15,15.0,0.0,0.0,0.0,Aprovado,Concluído,B
2016,4,38A51D47,71.6,71.73,70.42,5.0,2.0,15,15.0,0.0,0.0,0.0,Aprovado,Concluído,B
2016,4,EB608B56,69.0,73.33,71.42,3.0,2.0,15,15.0,0.0,0.0,0.0,Aprovado,Concluído,B
2016,4,830E2663,74.6,78.07,76.67,3.0,3.0,15,15.0,0.0,0.0,0.0,Aprovado,Concluído,B
2016,4,FB979BE0,66.13,69.47,66.07,6.0,5.0,15,15.0,0.0,0.0,0.0,Aprovado,Concluído,B
2016,4,3D53E6AC,74.87,76.73,76.04,3.0,2.0,15,15.0,0.0,0.0,0.0,Aprovado,Concluído,B
2016,4,25DFEFC5,70.2,71.33,68.47,4.0,3.0,15,15.0,0.0,0.0,0.0,Aprovado,Concluído,B
2016,4,CDF75FFD,69.67,69.0,71.02,3.0,3.0,15,15.0,0.0,0.0,0.0,Aprovado,Concluído,B
2016,4,50988633,70.0,71.2,70.96,4.0,2.0,15,14.0,1.0,0.0,0.0,Aprovado,Concluído,C
2016,4,62532DF5,69.87,71.8,71.4,5.0,3.0,15,15.0,0.0,0.0,0.0,Aprovado,Concluído,B
2016,4,89714796,72.8,76.8,73.22,3.0,3.0,15,15.0,0.0,0.0,0.0,Aprovado,Concluído,B
2016,4,6368A2AB,69.73,75.67,69.82,4.0,6.0,15,15.0,0.0,0.0,0.0,Aprovado,Concluído,B
2016,4,BE06124A,79.07,80.13,77.87,1.0,4.0,15,15.0,0.0,0.0,0.0,Aprovado,Concluído,B
2016,4,FCBFA91E,73.87,76.8,75.0,2.0,1.0,15,15.0,0.0,0.0,0.0,Aprovado,Concluído,B
2016,4,7EA12374,68.67,71.47,71.27,5.0,2.0,15,15.0,0.0,0.0,0.0,Aprovado,Concluído,B
2016,4,036E060D,68.2,70.6,69.44,3.0,1.0,15,15.0,0.0,0.0,0.0,Aprovado,Concluído,B
2016,2,A1B8B610,57.5,59.22,48.91,8.0,18.0,18,0.0,0.0,0.0,18.0,Reprovado,Evasão,E
2016,3,AAD56DAC,66.68,71.37,70.86,5.0,1.0,19,18.0,1.0,0.0,0.0,Aprovado,Concluído,C
2016,3,FAEB1EC7,62.05,68.21,69.49,5.0,1.0,19,18.0,1.0,0.0,0.0,Aprovado,Concluído,C
2016,3,C6E7A6BD,53.58,63.32,63.63,8.0,3.0,19,18.0,1.0,0.0,0.0,Aprovado,Concluído,C
2016,3,21645F63,78.37,80.95,79.77,1.0,0.0,19,19.0,0.0,0.0,0.0,Aprovado,Concluído,B
2016,3,1105C153,60.74,66.0,66.28,6.0,3.0,19,18.0,1.0,0.0,0.0,Aprovado,Concluído,C
2016,1,15FF09BA,75.12,74.75,71.54,0.0,5.0,16,16.0,0.0,0.0,0.0,Aprovado,Transferido Externo,B
2016,3,28B9F01F,77.79,80.63,81.96,1.0,0.0,19,19.0,0.0,0.0,0.0,Aprovado,Concluído,B
2016,3,EFF63AE4,70.32,72.16,72.19,2.0,1.0,19,19.0,0.0,0.0,0.0,Aprovado,Concluído,B
2016,2,73CCBC0E,61.5,64.17,64.8,9.0,2.0,18,18.0,0.0,0.0,0.0,Aprovado,Transferido Externo,B
2016,3,734E1784,67.42,72.0,72.28,4.0,1.0,19,19.0,0.0,0.0,0.0,Aprovado,Concluído,B
2016,3,D8FD05D9,62.21,71.42,68.96,6.0,3.0,19,19.0,0.0,0.0,0.0,Aprovado,Concluído,B
2016,3,F7FCB2F2,62.32,71.16,72.67,7.0,1.0,19,19.0,0.0,0.0,0.0,Aprovado,Concluído,B
2016,3,2E9BF775,62.47,70.47,68.88,6.0,3.0,19,19.0,0.0,0.0,0.0,Aprovado,Concluído,B
2016,3,143A4D3B,69.47,71.53,70.54,3.0,2.0,19,19.0,0.0,0.0,0.0,Aprovado,Concluído,B
2016,3,CD852E1F,78.74,77.21,77.46,0.0,1.0,19,19.0,0.0,0.0,0.0,Aprovado,Concluído,B
2016,3,98237215,79.37,82.68,83.56,0.0,0.0,19,19.0,0.0,0.0,0.0,Aprovado,Concluído,A
2016,1,F62AED20,71.56,74.0,70.67,4.0,6.0,16,16.0,0.0,0.0,0.0,Aprovado,Concluído,B
2016,3,84266AEC,54.47,61.32,56.6,6.0,11.0,19,7.0,0.0,11.0,1.0,Reprovado,Evasão,D
2016,3,C7775865,76.58,75.42,74.04,1.0,4.0,19,19.0,0.0,0.0,0.0,Aprovado,Concluído,B
2016,1,10D5B8E1,53.62,67.94,65.88,9.0,6.0,16,16.0,0.0,0.0,0.0,Aprovado,Concluído,B
2016,2,E1A445EC,64.67,69.06,67.28,4.0,7.0,18,18.0,0.0,0.0,0.0,Aprovado,Concluído,B
2016,3,2B90769E,65.79,71.26,71.26,3.0,1.0,19,19.0,0.0,0.0,0.0,Aprovado,Concluído,B
2016,3,4E6DFF09,69.26,79.74,79.28,3.0,1.0,19,19.0,0.0,0.0,0.0,Aprovado,Concluído,B
2016,3,B4BB6DC7,60.26,65.42,66.74,7.0,5.0,19,18.0,1.0,0.0,0.0,Aprovado,Concluído,C
2016,3,2CF7DF78,80.21,81.58,78.96,1.0,0.0,19,19.0,0.0,0.0,0.0,Aprovado,Concluído,B
2016,3,C97C77DC,62.84,69.0,70.14,6.0,4.0,19,19.0,0.0,0.0,0.0,Aprovado,Concluído,B
2016,3,5677A36E,70.26,73.26,71.63,2.0,3.0,19,19.0,0.0,0.0,0.0,Aprovado,Concluído,B
2016,3,89E28F86,62.11,63.53,63.79,7.0,2.0,19,19.0,0.0,0.0,0.0,Aprovado,Concluído,B
2016,3,BC2DAA1A,68.21,73.63,74.09,4.0,3.0,19,19.0,0.0,0.0,0.0,Aprovado,Concluído,B
2016,2,DD27288D,66.33,72.11,70.52,3.0,3.0,18,18.0,0.0,0.0,0.0,Aprovado,Concluído,B
2016,3,C74E981C,63.58,66.05,67.91,6.0,3.0,19,17.0,0.0,2.0,0.0,Reprovado,Evasão,D
2016,3,49EC1AFF,75.89,79.32,76.44,2.0,1.0,19,19.0,0.0,0.0,0.0,Aprovado,Concluído,B
2016,3,216C01C9,65.37,73.47,72.82,5.0,0.0,19,19.0,0.0,0.0,0.0,Aprovado,Concluído,B
2016,3,3C27D89B,75.37,79.89,77.89,1.0,2.0,19,19.0,0.0,0.0,0.0,Aprovado,Concluído,B
2016,2,6B81CDD5,56.78,64.83,63.81,7.0,8.0,18,17.0,1.0,0.0,0.0,Aprovado,Transferido Externo,C
2016,3,430C4928,80.16,81.32,82.54,0.0,1.0,19,19.0,0.0,0.0,0.0,Aprovado,Concluído,B
2016,3,DBA17D5E,65.74,72.79,72.65,4.0,3.0,19,19.0,0.0,0.0,0.0,Aprovado,Concluído,B
2016,1,AD1A65FC,64.0,69.19,63.19,7.0,10.0,16,14.0,2.0,0.0,0.0,Aprovado,Concluído,C
2016,3,1BDAF010,67.05,71.42,73.28,4.0,0.0,19,19.0,0.0,0.0,0.0,Aprovado,Concluído,B
2016,3,30FB2215,82.68,84.89,84.86,0.0,0.0,19,19.0,0.0,0.0,0.0,Aprovado,Concluído,A
2016,2,FE774FC1,65.56,67.17,65.56,6.0,8.0,18,17.0,1.0,0.0,0.0,Aprovado,Transferido Externo,C
2016,3,54B8841D,70.95,74.0,74.56,3.0,1.0,19,19.0,0.0,0.0,0.0,Aprovado,Concluído,B
2016,3,6C0A8908,74.47,77.26,76.72,2.0,1.0,19,19.0,0.0,0.0,0.0,Aprovado,Concluído,B
2016,3,1B9D9A4C,59.58,68.05,65.32,7.0,7.0,19,19.0,0.0,0.0,0.0,Aprovado,Concluído,B
2016,2,9F8B6E53,70.5,68.67,65.3,7.0,8.0,18,17.0,1.0,0.0,0.0,Aprovado,Concluído,C
2016,2,7700125D,58.28,63.83,64.15,9.0,2.0,18,18.0,0.0,0.0,0.0,Aprovado,Concluído,B
2016,1,3F510127,69.31,71.44,67.15,4.0,5.0,16,16.0,0.0,0.0,0.0,Aprovado,Concluído,B
2016,2,C29E95AE,69.11,73.44,71.74,4.0,3.0,18,18.0,0.0,0.0,0.0,Aprovado,Concluído,B
2016,2,9E6AC136,65.94,69.39,70.44,3.0,1.0,18,18.0,0.0,0.0,0.0,Aprovado,Concluído,B
2016,2,76AFC1C1,63.89,68.67,66.98,10.0,6.0,18,18.0,0.0,0.0,0.0,Aprovado,Concluído,B
2016,2,FAF6F772,81.61,81.44,81.35,0.0,0.0,18,18.0,0.0,0.0,0.0,Aprovado,Concluído,A
2016,2,20220C1C,61.0,70.22,70.2,5.0,1.0,18,18.0,0.0,0.0,0.0,Aprovado,Transferido Externo,B
2016,2,2BFA03D9,70.56,70.17,68.96,4.0,3.0,18,18.0,0.0,0.0,0.0,Aprovado,Concluído,B
2016,2,41BC72AB,87.5,88.06,87.83,0.0,0.0,18,18.0,0.0,0.0,0.0,Aprovado,Concluído,A
2016,2,0C822DCA,65.11,75.44,71.98,6.0,7.0,18,18.0,0.0,0.0,0.0,Aprovado,Concluído,B
2016,2,C10610F3,71.89,74.89,72.69,2.0,6.0,18,18.0,0.0,0.0,0.0,Aprovado,Concluído,B
2016,2,F77919E0,62.22,62.61,63.93,7.0,8.0,18,18.0,0.0,0.0,0.0,Aprovado,Concluído,B
2016,1,C8794595,59.0,58.56,58.9,9.0,7.0,16,14.0,2.0,0.0,0.0,Aprovado,Concluído,C
2016,1,61507F6B,65.56,69.25,66.0,5.0,7.0,16,14.0,2.0,0.0,0.0,Aprovado,Concluído,C
2016,2,8E14904D,73.11,76.44,75.52,3.0,2.0,18,18.0,0.0,0.0,0.0,Aprovado,Concluído,B
2016,2,FE6DBF57,58.44,68.06,66.91,10.0,7.0,18,16.0,2.0,0.0,0.0,Aprovado,Concluído,C
2016,2,70915311,71.06,71.39,70.93,4.0,0.0,18,18.0,0.0,0.0,0.0,Aprovado,Concluído,B
2016,1,02B48BA3,31.94,38.0,30.23,14.0,16.0,16,1.0,0.0,15.0,0.0,Reprovado,Transferido Externo,D
2016,2,B79A9283,81.33,82.06,80.35,0.0,0.0,18,18.0,0.0,0.0,0.0,Aprovado,Concluído,A
2016,2,A9FF21C2,67.5,74.0,71.52,4.0,5.0,18,18.0,0.0,0.0,0.0,Aprovado,Concluído,B
2016,2,12AB2B00,62.0,65.78,62.81,9.0,11.0,18,16.0,2.0,0.0,0.0,Aprovado,Transferido Externo,C
2016,2,6C14B926,45.44,50.83,45.02,13.0,18.0,18,0.0,0.0,0.0,18.0,Reprovado,Transferido Externo,E
2016,1,9138CCB1,66.69,69.81,68.62,7.0,3.0,16,16.0,0.0,0.0,0.0,Aprovado,Concluído,B
2016,2,9C110942,62.5,69.83,69.65,4.0,0.0,18,18.0,0.0,0.0,0.0,Aprovado,Concluído,B
2016,1,68AC0703,23.38,16.19,12.88,14.0,16.0,16,1.0,0.0,0.0,15.0,Reprovado,Transferido Externo,E
2016,1,5D9895DF,60.56,66.94,67.69,5.0,5.0,16,15.0,1.0,0.0,0.0,Aprovado,Concluído,C
2016,1,5B10E73E,66.12,72.44,68.08,4.0,6.0,16,16.0,0.0,0.0,0.0,Aprovado,Transferido Externo,B
2016,1,159DCC98,51.56,64.75,61.35,11.0,8.0,16,13.0,0.0,3.0,0.0,Reprovado,Matriculado,D
2016,1,2E0A16A8,67.75,71.38,65.23,6.0,7.0,16,16.0,0.0,0.0,0.0,Aprovado,Transferido Externo,B
2016,1,E2FFB50C,72.62,73.56,72.15,3.0,3.0,16,16.0,0.0,0.0,0.0,Aprovado,Concluído,B
2016,1,A7349E38,56.69,62.75,58.71,9.0,10.0,16,12.0,0.0,4.0,0.0,Reprovado,Transferido Externo,D
2016,1,F84FA89F,71.75,75.88,73.0,3.0,3.0,16,16.0,0.0,0.0,0.0,Aprovado,Concluído,B
2016,1,B7E03565,42.06,50.44,39.31,14.0,15.0,16,0.0,0.0,0.0,16.0,Reprovado,Transferido Externo,E
2016,1,D3CDDAA7,51.19,63.06,62.21,10.0,9.0,16,12.0,0.0,4.0,0.0,Reprovado,Concluído,D
2016,1,66A06FEA,71.69,75.25,73.08,1.0,4.0,16,16.0,0.0,0.0,0.0,Aprovado,Concluído,B
2016,1,7FECA574,57.69,65.94,63.0,9.0,7.0,16,16.0,0.0,0.0,0.0,Aprovado,Concluído,B
2016,1,145911B1,52.44,66.69,61.5,12.0,8.0,16,14.0,0.0,2.0,0.0,Reprovado,Jubilado,D
2016,1,6460F697,56.81,60.69,57.46,9.0,11.0,16,10.0,0.0,6.0,0.0,Reprovado,Transferido Externo,D
2016,1,6D5634BD,46.38,57.25,57.48,13.0,10.0,16,10.0,0.0,6.0,0.0,Reprovado,Concluído,D
2016,1,43CB1317,56.81,65.5,64.92,8.0,6.0,16,16.0,0.0,0.0,0.0,Aprovado,Transferido Externo,B
2016,1,ED1B1C8F,69.69,72.19,71.33,3.0,2.0,16,16.0,0.0,0.0,0.0,Aprovado,Concluído,B
2016,1,2AAEA443,62.31,67.81,66.04,6.0,8.0,16,13.0,0.0,3.0,0.0,Reprovado,Concluído,D
2016,1,C3177629,79.44,78.88,77.0,0.0,2.0,16,16.0,0.0,0.0,0.0,Aprovado,Concluído,B
2016,1,E19140D2,57.44,59.81,59.73,8.0,8.0,16,13.0,0.0,3.0,0.0,Reprovado,Transferido Externo,D
2016,1,A43B4713,57.0,57.5,58.35,10.0,10.0,16,10.0,0.0,6.0,0.0,Reprovado,Concluído,D
2016,1,19FAEE98,60.19,62.06,60.38,9.0,12.0,16,11.0,0.0,5.0,0.0,Reprovado,Evasão,D
2016,1,F91176F5,49.75,56.5,56.83,11.0,7.0,16,12.0,0.0,4.0,0.0,Reprovado,Transferido Externo,D
2016,1,07B5265D,63.44,64.25,57.4,9.0,14.0,16,13.0,0.0,3.0,0.0,Reprovado,Transferido Externo,D
2016,1,612CB6C2,60.81,63.12,61.98,6.0,9.0,16,13.0,0.0,3.0,0.0,Reprovado,Transferido Externo,D
2016,1,9FEDC204,75.44,79.69,78.85,0.0,2.0,16,16.0,0.0,0.0,0.0,Aprovado,Concluído,B
2017,2,15FF09BA,67.33,69.89,67.04,6.0,7.0,18,17.0,1.0,0.0,0.0,Aprovado,Transferido Externo,C
2017,3,73CCBC0E,71.0,68.71,67.59,4.0,6.0,17,13.0,0.0,4.0,0.0,Reprovado,Transferido Externo,D
2017,2,F62AED20,73.78,72.94,70.65,1.0,6.0,18,16.0,2.0,0.0,0.0,Aprovado,Concluído,C
2017,2,10D5B8E1,43.33,66.06,62.94,12.0,14.0,18,16.0,2.0,0.0,0.0,Aprovado,Concluído,C
2017,3,E1A445EC,54.12,59.12,60.76,10.0,8.0,17,17.0,0.0,0.0,0.0,Aprovado,Concluído,B
2017,3,DD27288D,63.71,67.76,65.06,7.0,4.0,17,17.0,0.0,0.0,0.0,Aprovado,Concluído,B
2017,3,6B81CDD5,62.82,62.53,59.75,6.0,10.0,17,14.0,0.0,3.0,0.0,Reprovado,Transferido Externo,D
2017,2,AD1A65FC,65.67,65.56,65.13,5.0,7.0,18,17.0,1.0,0.0,0.0,Aprovado,Concluído,C
2017,3,FE774FC1,56.41,56.65,49.31,12.0,15.0,17,7.0,0.0,10.0,0.0,Reprovado,Transferido Externo,D
2017,3,9F8B6E53,58.47,61.29,61.08,8.0,6.0,17,15.0,0.0,2.0,0.0,Reprovado,Concluído,D
2017,3,7700125D,68.59,69.76,70.71,2.0,2.0,17,17.0,0.0,0.0,0.0,Aprovado,Concluído,B
2017,2,3F510127,63.56,63.89,62.61,9.0,9.0,18,12.0,0.0,6.0,0.0,Reprovado,Concluído,D
2017,3,C29E95AE,67.88,70.0,70.27,3.0,1.0,17,17.0,0.0,0.0,0.0,Aprovado,Concluído,B
2017,3,9E6AC136,71.71,71.59,72.47,1.0,2.0,17,17.0,0.0,0.0,0.0,Aprovado,Concluído,B
2017,3,76AFC1C1,57.59,59.82,62.84,7.0,6.0,17,16.0,1.0,0.0,0.0,Aprovado,Concluído,C
2017,3,FAF6F772,82.0,81.12,80.53,0.0,0.0,17,17.0,0.0,0.0,0.0,Aprovado,Concluído,A
2017,3,2BFA03D9,74.24,73.82,72.88,1.0,3.0,17,17.0,0.0,0.0,0.0,Aprovado,Concluído,B
2017,3,41BC72AB,88.47,87.65,86.69,0.0,0.0,17,17.0,0.0,0.0,0.0,Aprovado,Concluído,A
2017,3,0C822DCA,61.18,68.12,65.25,6.0,10.0,17,17.0,0.0,0.0,0.0,Aprovado,Concluído,B
2017,3,C10610F3,63.12,71.0,69.84,7.0,5.0,17,17.0,0.0,0.0,0.0,Aprovado,Concluído,B
2017,3,F77919E0,44.18,58.0,57.39,12.0,8.0,17,15.0,2.0,0.0,0.0,Aprovado,Concluído,C
2017,2,C8794595,51.33,57.5,55.94,10.0,14.0,18,9.0,0.0,9.0,0.0,Reprovado,Concluído,D
2017,2,61507F6B,60.94,62.33,61.09,9.0,7.0,18,11.0,0.0,7.0,0.0,Reprovado,Concluído,D
2017,3,8E14904D,69.06,71.76,73.96,1.0,1.0,17,17.0,0.0,0.0,0.0,Aprovado,Concluído,B
2017,3,FE6DBF57,63.59,67.47,67.14,5.0,3.0,17,16.0,1.0,0.0,0.0,Aprovado,Concluído,C
2017,3,70915311,73.59,74.41,73.49,1.0,3.0,17,17.0,0.0,0.0,0.0,Aprovado,Concluído,B
2017,1,02B48BA3,11.94,11.75,8.5,16.0,16.0,16,0.0,0.0,0.0,16.0,Reprovado,Transferido Externo,E
2017,3,B79A9283,80.53,84.88,84.61,1.0,1.0,17,17.0,0.0,0.0,0.0,Aprovado,Concluído,B
2017,3,A9FF21C2,58.94,61.71,62.25,7.0,7.0,17,16.0,1.0,0.0,0.0,Aprovado,Concluído,C
2017,3,12AB2B00,57.71,31.53,21.22,17.0,17.0,17,0.0,0.0,0.0,17.0,Reprovado,Transferido Externo,E
2017,2,6C14B926,17.0,33.28,25.26,16.0,18.0,18,0.0,0.0,0.0,18.0,Reprovado,Transferido Externo,E
2017,2,9138CCB1,69.33,68.94,68.37,10.0,4.0,18,17.0,1.0,0.0,0.0,Aprovado,Concluído,C
2017,3,9C110942,76.59,77.12,74.73,1.0,0.0,17,17.0,0.0,0.0,0.0,Aprovado,Concluído,B
2017,2,5D9895DF,73.33,73.5,71.31,2.0,4.0,18,17.0,1.0,0.0,0.0,Aprovado,Concluído,C
2017,2,5B10E73E,59.06,63.5,61.59,7.0,9.0,18,16.0,0.0,2.0,0.0,Reprovado,Transferido Externo,D
2017,1,159DCC98,59.75,67.44,61.33,9.0,13.0,16,10.0,0.0,6.0,0.0,Reprovado,Matriculado,D
2017,2,2E0A16A8,60.56,60.78,56.83,8.0,12.0,18,13.0,0.0,5.0,0.0,Reprovado,Transferido Externo,D
2017,2,E2FFB50C,71.0,71.83,70.39,3.0,3.0,18,18.0,0.0,0.0,0.0,Aprovado,Concluído,B
2017,1,A7349E38,45.81,61.12,53.75,11.0,11.0,16,12.0,0.0,4.0,0.0,Reprovado,Transferido Externo,D
2017,2,F84FA89F,71.94,72.22,69.33,4.0,3.0,18,18.0,0.0,0.0,0.0,Aprovado,Concluído,B
2017,1,D3CDDAA7,60.12,65.81,60.29,7.0,11.0,16,14.0,2.0,0.0,0.0,Aprovado,Concluído,C
2017,2,66A06FEA,77.22,76.11,75.17,4.0,4.0,18,17.0,1.0,0.0,0.0,Aprovado,Concluído,C
2017,2,7FECA574,65.72,64.67,64.67,7.0,5.0,18,16.0,2.0,0.0,0.0,Aprovado,Concluído,C
2017,1,145911B1,49.5,64.75,61.6,10.0,8.0,16,16.0,0.0,0.0,0.0,Aprovado,Jubilado,B
2017,1,6460F697,63.56,65.19,63.52,6.0,8.0,16,13.0,0.0,3.0,0.0,Reprovado,Transferido Externo,D
2017,1,6D5634BD,62.81,64.88,63.6,7.0,7.0,16,15.0,1.0,0.0,0.0,Aprovado,Concluído,C
2017,2,43CB1317,68.67,66.06,63.44,5.0,9.0,18,13.0,0.0,5.0,0.0,Reprovado,Transferido Externo,D
2017,2,ED1B1C8F,71.61,72.83,70.63,3.0,3.0,18,18.0,0.0,0.0,0.0,Aprovado,Concluído,B
2017,1,2AAEA443,66.12,66.5,66.04,5.0,8.0,16,16.0,0.0,0.0,0.0,Aprovado,Concluído,B
2017,2,C3177629,77.33,78.11,78.41,2.0,1.0,18,18.0,0.0,0.0,0.0,Aprovado,Concluído,B
2017,1,E19140D2,60.25,63.44,59.6,8.0,10.0,16,12.0,0.0,4.0,0.0,Reprovado,Transferido Externo,D
2017,1,A43B4713,62.44,67.44,67.54,5.0,2.0,16,15.0,1.0,0.0,0.0,Aprovado,Concluído,C
2017,1,19FAEE98,63.81,66.69,64.85,4.0,5.0,16,15.0,1.0,0.0,0.0,Aprovado,Evasão,C
2017,1,F91176F5,47.31,59.56,57.77,11.0,12.0,16,13.0,0.0,3.0,0.0,Reprovado,Transferido Externo,D
2017,2,9FEDC204,76.0,77.28,76.46,2.0,1.0,18,18.0,0.0,0.0,0.0,Aprovado,Concluído,B
2017,1,E6C2048D,50.75,52.31,48.44,14.0,15.0,16,4.0,0.0,12.0,0.0,Reprovado,Transferido Externo,D
2017,1,345ED7BA,78.5,76.75,72.4,0.0,10.0,16,16.0,0.0,0.0,0.0,Aprovado,Concluído,B
2017,1,6CD6EBD1,57.0,58.5,57.06,11.0,12.0,16,11.0,0.0,5.0,0.0,Reprovado,Transferido Externo,D
2017,1,F095C2CA,61.06,64.44,59.73,8.0,12.0,16,14.0,0.0,2.0,0.0,Reprovado,Concluído,D
2017,1,1E3D5E48,64.69,66.75,65.69,4.0,4.0,16,16.0,0.0,0.0,0.0,Aprovado,Concluído,B
2017,1,6C22FAE4,61.94,70.56,65.38,5.0,11.0,16,15.0,1.0,0.0,0.0,Aprovado,Concluído,C
2017,1,E8679C75,54.06,54.75,51.17,11.0,13.0,16,6.0,0.0,10.0,0.0,Reprovado,Transferido Externo,D
2017,1,B33843EB,58.0,62.12,60.71,5.0,8.0,16,15.0,1.0,0.0,0.0,Aprovado,Concluído,C
2017,1,C2FBF726,77.38,74.38,73.35,1.0,7.0,16,16.0,0.0,0.0,0.0,Aprovado,Concluído,B
2017,1,74E3031D,62.31,65.88,64.83,3.0,6.0,16,12.0,0.0,4.0,0.0,Reprovado,Transferido Externo,D
2017,1,9EBAF237,68.25,65.19,59.58,6.0,13.0,16,4.0,0.0,12.0,0.0,Reprovado,Concluído,D
2017,1,00945362,58.5,61.75,59.31,10.0,11.0,16,8.0,0.0,8.0,0.0,Reprovado,Concluído,D
2017,1,0276A52E,65.19,64.38,62.92,8.0,7.0,16,12.0,0.0,4.0,0.0,Reprovado,Concluído,D
2017,1,40DFFD39,69.12,72.19,71.02,2.0,2.0,16,16.0,0.0,0.0,0.0,Aprovado,Concluído,B
2017,1,F3EF7477,64.38,67.25,67.19,3.0,4.0,16,16.0,0.0,0.0,0.0,Aprovado,Concluído,B
2017,1,C0B82431,65.0,59.56,57.17,9.0,10.0,16,10.0,0.0,6.0,0.0,Reprovado,Transferido Externo,D
2017,1,55A8AFB7,84.62,80.94,78.54,1.0,2.0,16,16.0,0.0,0.0,0.0,Aprovado,Concluído,B
2017,1,ADF4101F,57.56,61.19,61.23,8.0,10.0,16,11.0,0.0,5.0,0.0,Reprovado,Transferido Externo,D
2017,1,7FFFC998,66.94,67.75,66.98,4.0,6.0,16,16.0,0.0,0.0,0.0,Aprovado,Concluído,B
2017,1,C5043323,65.44,68.44,66.25,3.0,8.0,16,15.0,1.0,0.0,0.0,Aprovado,Concluído,C
2017,1,F9078F1E,74.31,74.62,72.6,2.0,7.0,16,16.0,0.0,0.0,0.0,Aprovado,Concluído,B
2017,1,A5993757,73.44,76.5,76.65,2.0,0.0,16,16.0,0.0,0.0,0.0,Aprovado,Concluído,B
2017,1,CA4FE636,74.94,75.88,75.12,1.0,1.0,16,16.0,0.0,0.0,0.0,Aprovado,Concluído,B
2017,1,83DAD53F,65.69,67.88,68.38,3.0,6.0,16,15.0,1.0,0.0,0.0,Aprovado,Matriculado,C
2017,1,A8123D4A,71.69,72.25,69.88,2.0,4.0,16,16.0,0.0,0.0,0.0,Aprovado,Concluído,B
2017,1,275DF28F,68.88,67.88,68.35,4.0,3.0,16,16.0,0.0,0.0,0.0,Aprovado,Concluído,B
2017,1,011FD931,66.06,66.06,64.04,5.0,7.0,16,13.0,0.0,3.0,0.0,Reprovado,Transferido Externo,D
2017,1,1A92E3AC,44.56,49.31,48.27,14.0,12.0,16,10.0,0.0,6.0,0.0,Reprovado,Transferido Externo,D
2017,1,80A7E754,59.62,63.25,63.15,9.0,12.0,16,12.0,0.0,4.0,0.0,Reprovado,Transferido Externo,D
2017,1,4CC06A4C,56.12,56.94,56.9,11.0,7.0,16,10.0,0.0,6.0,0.0,Reprovado,Cancelado,D
2017,1,95075ECD,66.75,68.38,65.92,5.0,8.0,16,15.0,1.0,0.0,0.0,Aprovado,Concluído,C
2017,1,93DA2EB2,50.62,55.44,56.04,13.0,16.0,16,1.0,0.0,15.0,0.0,Reprovado,Transferido Externo,D
2017,1,99326CBD,62.69,69.81,66.69,5.0,10.0,16,15.0,1.0,0.0,0.0,Aprovado,Concluído,C
2017,1,5742CF41,49.75,52.75,50.83,12.0,13.0,16,6.0,0.0,10.0,0.0,Reprovado,Transferido Externo,D
2017,1,BE46C584,50.5,52.69,50.25,15.0,14.0,16,3.0,0.0,13.0,0.0,Reprovado,Transferido Externo,D
2017,1,8BAE9845,58.25,58.12,57.79,10.0,13.0,16,5.0,0.0,11.0,0.0,Reprovado,Transferido Externo,D
2017,1,9F5DA579,61.5,64.31,61.44,8.0,8.0,16,11.0,0.0,5.0,0.0,Reprovado,Transferido Externo,D
2017,1,6745F720,43.12,47.5,43.75,14.0,14.0,16,3.0,0.0,13.0,0.0,Reprovado,Transferido Externo,D
2017,1,409F5D87,71.62,75.88,76.75,0.0,0.0,16,16.0,0.0,0.0,0.0,Aprovado,Concluído,A
2017,1,4F70276C,44.75,48.38,46.33,14.0,14.0,16,4.0,0.0,12.0,0.0,Reprovado,Transferido Externo,D
2017,1,4F30B3B8,43.06,46.19,35.42,14.0,16.0,16,1.0,0.0,14.0,1.0,Reprovado,Transferido Externo,D
2017,1,499ED738,74.12,71.62,68.67,3.0,5.0,16,16.0,0.0,0.0,0.0,Aprovado,Matriculado,B
2017,1,B28BDEA3,64.12,64.31,60.56,5.0,10.0,16,10.0,0.0,6.0,0.0,Reprovado,Concluído,D
2017,1,62B7E8CB,57.19,53.44,37.06,13.0,16.0,16,0.0,0.0,0.0,16.0,Reprovado,Transferido Externo,E
2017,1,FED01EF5,22.25,29.94,23.92,16.0,16.0,16,0.0,0.0,0.0,16.0,Reprovado,Transferido Externo,E
2017,1,16DAA503,63.5,69.56,66.88,4.0,8.0,16,14.0,0.0,2.0,0.0,Reprovado,Transferido Externo,D
2017,1,E36212D5,77.56,78.75,76.1,1.0,2.0,16,16.0,0.0,0.0,0.0,Aprovado,Concluído,B
2017,1,405D84B7,65.88,67.12,64.88,6.0,6.0,16,14.0,2.0,0.0,0.0,Aprovado,Concluído,C
2017,1,DDE35C24,50.62,51.88,49.83,11.0,12.0,16,2.0,0.0,14.0,0.0,Reprovado,Transferido Externo,D
2017,1,426A2AF0,60.62,65.19,61.71,7.0,11.0,16,11.0,0.0,5.0,0.0,Reprovado,Concluído,D
2018,3,F62AED20,71.06,73.0,75.65,1.0,0.0,17,17.0,0.0,0.0,0.0,Aprovado,Concluído,B
2018,3,10D5B8E1,58.94,72.0,72.41,6.0,2.0,17,17.0,0.0,0.0,0.0,Aprovado,Concluído,B
2018,3,AD1A65FC,56.71,69.47,68.78,5.0,2.0,17,17.0,0.0,0.0,0.0,Aprovado,Concluído,B
2018,3,9F8B6E53,58.71,67.88,67.75,6.0,4.0,17,17.0,0.0,0.0,0.0,Aprovado,Concluído,B
2018,2,3F510127,65.5,71.67,69.39,3.0,3.0,18,18.0,0.0,0.0,0.0,Aprovado,Concluído,B
2018,2,C8794595,53.39,61.44,57.69,11.0,6.0,18,18.0,0.0,0.0,0.0,Aprovado,Concluído,B
2018,2,61507F6B,52.67,64.33,64.41,9.0,1.0,18,18.0,0.0,0.0,0.0,Aprovado,Concluído,B
2018,3,9138CCB1,61.35,69.76,69.0,5.0,3.0,17,17.0,0.0,0.0,0.0,Aprovado,Concluído,B
2018,3,5D9895DF,65.82,70.65,73.67,2.0,0.0,17,17.0,0.0,0.0,0.0,Aprovado,Concluído,B
2018,1,159DCC98,55.44,29.31,25.54,15.0,15.0,16,0.0,0.0,0.0,16.0,Reprovado,Matriculado,E
2018,3,E2FFB50C,72.53,73.12,72.57,0.0,1.0,17,17.0,0.0,0.0,0.0,Aprovado,Concluído,B
2018,3,F84FA89F,63.65,68.76,68.57,1.0,2.0,17,17.0,0.0,0.0,0.0,Aprovado,Concluído,B
2018,2,D3CDDAA7,52.28,63.33,60.26,12.0,6.0,18,17.0,1.0,0.0,0.0,Aprovado,Concluído,C
2018,3,66A06FEA,73.47,74.0,74.18,0.0,0.0,17,17.0,0.0,0.0,0.0,Aprovado,Concluído,A
2018,3,7FECA574,58.41,60.88,63.31,8.0,1.0,17,17.0,0.0,0.0,0.0,Aprovado,Concluído,B
2018,2,145911B1,55.0,70.44,62.35,13.0,10.0,18,16.0,1.0,1.0,0.0,Aprovado,Jubilado,C
2018,2,6D5634BD,56.72,64.22,64.57,11.0,5.0,18,16.0,2.0,0.0,0.0,Aprovado,Concluído,C
2018,3,ED1B1C8F,64.59,70.24,72.96,1.0,1.0,17,17.0,0.0,0.0,0.0,Aprovado,Concluído,B
2018,2,2AAEA443,58.44,69.33,67.17,7.0,2.0,18,18.0,0.0,0.0,0.0,Aprovado,Concluído,B
2018,3,C3177629,73.65,73.29,74.57,0.0,0.0,17,17.0,0.0,0.0,0.0,Aprovado,Concluído,A
2018,2,A43B4713,63.78,67.61,69.48,8.0,1.0,18,17.0,1.0,0.0,0.0,Aprovado,Concluído,C
2018,2,19FAEE98,60.78,68.22,62.78,9.0,16.0,18,3.0,0.0,15.0,0.0,Reprovado,Evasão,D
2018,3,9FEDC204,69.71,75.18,76.94,0.0,0.0,17,17.0,0.0,0.0,0.0,Aprovado,Concluído,A
2018,1,E6C2048D,42.62,47.31,41.31,15.0,13.0,16,13.0,0.0,3.0,0.0,Reprovado,Transferido Externo,D
2018,2,345ED7BA,70.17,73.83,74.06,0.0,3.0,18,18.0,0.0,0.0,0.0,Aprovado,Concluído,B
2018,1,6CD6EBD1,49.25,62.25,53.21,14.0,13.0,16,16.0,0.0,0.0,0.0,Aprovado,Transferido Externo,B
2018,1,F095C2CA,64.12,69.69,68.17,4.0,2.0,16,16.0,0.0,0.0,0.0,Aprovado,Concluído,B
2018,2,1E3D5E48,67.28,72.06,72.74,4.0,2.0,18,18.0,0.0,0.0,0.0,Aprovado,Concluído,B
2018,2,6C22FAE4,62.83,69.33,67.69,9.0,5.0,18,17.0,1.0,0.0,0.0,Aprovado,Concluído,C
2018,1,E8679C75,50.12,53.94,46.17,13.0,13.0,16,10.0,0.0,6.0,0.0,Reprovado,Transferido Externo,D
2018,2,B33843EB,66.5,79.28,75.46,2.0,2.0,18,18.0,0.0,0.0,0.0,Aprovado,Concluído,B
2018,2,C2FBF726,62.94,72.17,71.26,3.0,6.0,18,18.0,0.0,0.0,0.0,Aprovado,Concluído,B
2018,1,74E3031D,70.5,70.31,72.04,3.0,0.0,16,16.0,0.0,0.0,0.0,Aprovado,Transferido Externo,B
2018,1,9EBAF237,62.06,68.75,66.06,8.0,5.0,16,16.0,0.0,0.0,0.0,Aprovado,Concluído,B
2018,1,00945362,66.19,61.75,62.56,5.0,2.0,16,16.0,0.0,0.0,0.0,Aprovado,Concluído,B
2018,1,0276A52E,68.06,66.88,66.79,3.0,0.0,16,16.0,0.0,0.0,0.0,Aprovado,Concluído,B
2018,2,40DFFD39,65.0,76.44,72.61,3.0,3.0,18,18.0,0.0,0.0,0.0,Aprovado,Concluído,B
2018,2,F3EF7477,67.56,71.83,70.17,0.0,3.0,18,18.0,0.0,0.0,0.0,Aprovado,Concluído,B
2018,2,55A8AFB7,77.06,77.61,74.02,0.0,1.0,18,18.0,0.0,0.0,0.0,Aprovado,Concluído,B
2018,2,7FFFC998,68.17,71.11,69.91,3.0,3.0,18,18.0,0.0,0.0,0.0,Aprovado,Concluído,B
2018,2,C5043323,61.61,64.56,65.35,5.0,6.0,18,18.0,0.0,0.0,0.0,Aprovado,Concluído,B
2018,2,F9078F1E,71.17,75.89,76.15,0.0,2.0,18,18.0,0.0,0.0,0.0,Aprovado,Concluído,B
2018,2,A5993757,80.89,81.78,80.59,0.0,1.0,18,18.0,0.0,0.0,0.0,Aprovado,Concluído,B
2018,2,CA4FE636,70.94,75.67,74.81,0.0,0.0,18,18.0,0.0,0.0,0.0,Aprovado,Concluído,A
2018,2,83DAD53F,63.17,70.06,70.74,2.0,3.0,18,18.0,0.0,0.0,0.0,Aprovado,Matriculado,B
2018,2,A8123D4A,78.39,79.89,78.11,0.0,1.0,18,18.0,0.0,0.0,0.0,Aprovado,Concluído,B
2018,2,275DF28F,73.61,77.22,76.41,1.0,1.0,18,18.0,0.0,0.0,0.0,Aprovado,Concluído,B
2018,1,011FD931,70.12,73.75,70.85,2.0,1.0,16,16.0,0.0,0.0,0.0,Aprovado,Transferido Externo,B
2018,1,4CC06A4C,47.38,51.25,36.96,15.0,16.0,16,1.0,0.0,15.0,0.0,Reprovado,Cancelado,D
2018,2,95075ECD,54.83,65.22,64.83,7.0,4.0,18,16.0,2.0,0.0,0.0,Aprovado,Concluído,C
2018,2,99326CBD,65.56,67.28,66.46,5.0,7.0,18,18.0,0.0,0.0,0.0,Aprovado,Concluído,B
2018,1,5742CF41,43.25,49.44,47.81,15.0,12.0,16,11.0,0.0,5.0,0.0,Reprovado,Transferido Externo,D
2018,1,BE46C584,52.81,55.88,52.77,13.0,10.0,16,14.0,2.0,0.0,0.0,Aprovado,Transferido Externo,C
2018,1,9F5DA579,69.12,68.75,63.5,3.0,6.0,16,16.0,0.0,0.0,0.0,Aprovado,Transferido Externo,B
2018,2,409F5D87,72.5,74.17,72.89,1.0,5.0,18,18.0,0.0,0.0,0.0,Aprovado,Concluído,B
2018,1,4F70276C,49.19,56.06,57.25,12.0,3.0,16,14.0,2.0,0.0,0.0,Aprovado,Transferido Externo,C
2018,1,4F30B3B8,55.25,56.31,58.65,11.0,3.0,16,16.0,0.0,0.0,0.0,Aprovado,Transferido Externo,B
2018,2,499ED738,54.22,68.78,68.57,8.0,5.0,18,18.0,0.0,0.0,0.0,Aprovado,Matriculado,B
2018,1,B28BDEA3,63.0,68.06,70.21,4.0,1.0,16,16.0,0.0,0.0,0.0,Aprovado,Concluído,B
2018,2,E36212D5,72.61,76.39,76.22,3.0,2.0,18,18.0,0.0,0.0,0.0,Aprovado,Concluído,B
2018,2,405D84B7,59.33,70.17,70.52,6.0,4.0,18,18.0,0.0,0.0,0.0,Aprovado,Concluído,B
2018,1,426A2AF0,60.88,67.94,66.67,11.0,6.0,16,16.0,0.0,0.0,0.0,Aprovado,Concluído,B
2018,1,CC324AE7,77.62,73.56,74.79,0.0,0.0,16,16.0,0.0,0.0,0.0,Aprovado,Concluído,A
2018,1,5F48435B,54.31,59.62,57.46,12.0,10.0,16,13.0,0.0,3.0,0.0,Reprovado,Transferido Externo,D
2018,1,907637DC,84.44,86.5,88.44,0.0,0.0,16,16.0,0.0,0.0,0.0,Aprovado,Concluído,A
2018,1,73B98A38,55.88,58.0,49.02,12.0,14.0,16,13.0,0.0,3.0,0.0,Reprovado,Transferido Externo,D
2018,1,608EE1BC,78.06,83.12,83.98,0.0,0.0,16,16.0,0.0,0.0,0.0,Aprovado,Concluído,A
2018,1,FDCBEF7F,60.5,66.25,62.27,7.0,9.0,16,16.0,0.0,0.0,0.0,Aprovado,Matriculado,B
2018,1,D80037A2,61.12,59.62,60.31,7.0,2.0,16,14.0,2.0,0.0,0.0,Aprovado,Concluído,C
2018,1,79513399,65.06,66.62,66.06,3.0,5.0,16,16.0,0.0,0.0,0.0,Aprovado,Matriculado,B
2018,1,538F795E,79.12,81.62,83.48,0.0,0.0,16,16.0,0.0,0.0,0.0,Aprovado,Concluído,A
2018,1,7817D218,60.94,66.88,64.69,5.0,6.0,16,16.0,0.0,0.0,0.0,Aprovado,Formado,B
2018,1,2A8F3D00,75.69,75.44,78.08,1.0,0.0,16,16.0,0.0,0.0,0.0,Aprovado,Matriculado,B
2018,1,7670C4DB,77.44,77.31,79.08,0.0,0.0,16,16.0,0.0,0.0,0.0,Aprovado,Concluído,A
2018,1,1291E517,83.5,84.25,85.17,0.0,0.0,16,16.0,0.0,0.0,0.0,Aprovado,Matriculado,A
2018,1,9998D445,85.12,85.19,85.88,0.0,0.0,16,16.0,0.0,0.0,0.0,Aprovado,Concluído,A
2018,1,26EDBB87,69.5,70.56,69.06,1.0,2.0,16,16.0,0.0,0.0,0.0,Aprovado,Concluído,B
2018,1,DDB970AE,69.38,70.56,71.56,2.0,0.0,16,16.0,0.0,0.0,0.0,Aprovado,Concluído,B
2018,1,F77A7BD3,67.5,67.12,66.5,5.0,3.0,16,16.0,0.0,0.0,0.0,Aprovado,Concluído,B
2018,1,1EDE1259,67.69,66.75,70.67,2.0,0.0,16,16.0,0.0,0.0,0.0,Aprovado,Concluído,B
2018,1,14A01C02,87.44,88.44,89.46,0.0,0.0,16,16.0,0.0,0.0,0.0,Aprovado,Concluído,A
2018,1,7E4AC7E2,72.94,72.88,73.85,1.0,1.0,16,16.0,0.0,0.0,0.0,Aprovado,Concluído,B
2018,1,99927E07,68.31,69.44,69.98,3.0,1.0,16,16.0,0.0,0.0,0.0,Aprovado,Concluído,B
2018,1,A7308B1B,72.31,68.38,72.71,1.0,0.0,16,15.0,0.0,1.0,0.0,Aprovado,Transferido Externo,C
2018,1,64B88DE0,70.56,76.38,75.48,1.0,0.0,16,16.0,0.0,0.0,0.0,Aprovado,Concluído,B
2018,1,A83C2532,59.94,60.56,56.52,11.0,5.0,16,13.0,0.0,3.0,0.0,Reprovado,Transferido Externo,D
2018,1,AC94AF43,49.06,53.44,38.0,15.0,15.0,16,0.0,0.0,0.0,16.0,Reprovado,Transferido Externo,E
2018,1,8E69A75E,67.69,66.75,66.94,4.0,3.0,16,16.0,0.0,0.0,0.0,Aprovado,Matriculado,B
2018,1,134DC5F9,60.31,65.94,63.56,11.0,3.0,16,16.0,0.0,0.0,0.0,Aprovado,Formado,B
2018,1,DAEBACD7,70.06,73.62,73.04,4.0,1.0,16,16.0,0.0,0.0,0.0,Aprovado,Matriculado,B
2018,1,C65D73DB,49.62,51.31,51.69,13.0,8.0,16,13.0,0.0,3.0,0.0,Reprovado,Transferido Externo,D
2018,1,46D1DB9A,45.19,62.38,58.94,13.0,6.0,16,16.0,0.0,0.0,0.0,Aprovado,Matriculado,B
2018,1,1AD1EAA8,71.62,69.19,67.92,3.0,1.0,16,16.0,0.0,0.0,0.0,Aprovado,Concluído,B
2018,1,1285E3A3,51.44,53.5,52.96,13.0,8.0,16,12.0,4.0,0.0,0.0,Aprovado,Matriculado,C
2018,1,D9DB22EA,56.38,60.38,59.77,14.0,5.0,16,16.0,0.0,0.0,0.0,Aprovado,Matriculado,B
2018,1,9ACF190B,54.94,56.25,51.6,11.0,8.0,16,10.0,0.0,6.0,0.0,Reprovado,Transferido Externo,D
2018,1,14AE4E84,61.94,63.19,62.71,8.0,3.0,16,16.0,0.0,0.0,0.0,Aprovado,Transferido Externo,B
2018,1,0D82B7E3,60.94,65.31,63.96,7.0,4.0,16,16.0,0.0,0.0,0.0,Aprovado,Matriculado,B
2018,1,97C0B9F4,57.69,49.94,45.69,13.0,9.0,16,8.0,0.0,5.0,3.0,Reprovado,Transferido Externo,D
2018,1,435A861E,73.56,74.94,75.52,1.0,0.0,16,16.0,0.0,0.0,0.0,Aprovado,Concluído,B
2018,1,54C0B837,80.44,84.19,86.94,0.0,0.0,16,16.0,0.0,0.0,0.0,Aprovado,Concluído,A
2018,1,34EAA594,63.31,64.5,67.6,5.0,3.0,16,16.0,0.0,0.0,0.0,Aprovado,Concluído,B
2018,1,46FF4D09,38.38,49.75,46.29,15.0,11.0,16,13.0,0.0,3.0,0.0,Reprovado,Jubilado,D
2018,1,247ED498,55.94,58.0,55.1,11.0,8.0,16,14.0,2.0,0.0,0.0,Aprovado,Transferido Externo,C
2018,1,EFBEB85C,72.75,71.0,73.44,1.0,2.0,16,16.0,0.0,0.0,0.0,Aprovado,Transferido Externo,B
2018,1,5606D39D,73.62,73.0,76.46,0.0,0.0,16,16.0,0.0,0.0,0.0,Aprovado,Concluído,A
2018,1,BBCD4B04,77.25,80.44,81.75,1.0,0.0,16,16.0,0.0,0.0,0.0,Aprovado,Matriculado,B
2018,1,1208D2FE,65.44,61.19,57.67,6.0,6.0,16,16.0,0.0,0.0,0.0,Aprovado,Transferido Externo,B
2018,1,65A03AC7,61.19,66.0,64.94,3.0,7.0,16,16.0,0.0,0.0,0.0,Aprovado,Concluído,B
2018,1,18D059A8,69.56,73.62,75.54,1.0,1.0,16,16.0,0.0,0.0,0.0,Aprovado,Concluído,B
2018,1,4F867BAE,80.44,80.5,82.73,0.0,0.0,16,16.0,0.0,0.0,0.0,Aprovado,Matriculado,A
2018,1,4B032A47,53.94,55.25,47.73,14.0,14.0,16,10.0,0.0,6.0,0.0,Reprovado,Transferido Externo,D
2018,1,C7C93DEB,66.06,70.56,66.88,4.0,4.0,16,16.0,0.0,0.0,0.0,Aprovado,Matriculado,B
2018,1,A5AB2AE7,65.81,72.0,72.08,2.0,1.0,16,16.0,0.0,0.0,0.0,Aprovado,Concluído,B
2018,1,B7E19110,48.75,55.12,51.62,16.0,11.0,16,13.0,0.0,3.0,0.0,Reprovado,Transferido Externo,D
2018,1,35F3F3A3,58.88,59.12,56.04,8.0,5.0,16,16.0,0.0,0.0,0.0,Aprovado,Transferido Externo,B
2018,1,02E49F94,63.44,61.31,62.42,7.0,2.0,16,15.0,1.0,0.0,0.0,Aprovado,Formado,C
2018,1,6B70CA24,69.38,71.38,70.12,0.0,1.0,16,16.0,0.0,0.0,0.0,Aprovado,Concluído,B
2018,1,9946AFE7,61.75,60.06,60.6,8.0,6.0,16,15.0,0.0,1.0,0.0,Reprovado,Transferido Externo,D
2018,1,EEAD9AAE,65.38,68.5,70.08,1.0,0.0,16,16.0,0.0,0.0,0.0,Aprovado,Concluído,B
2018,1,DF9EB17B,56.75,66.19,64.71,8.0,4.0,16,16.0,0.0,0.0,0.0,Aprovado,Matriculado,B
2018,1,A210F7D9,78.62,79.44,80.48,0.0,0.0,16,16.0,0.0,0.0,0.0,Aprovado,Concluído,A
2018,1,1E4D916D,74.25,77.31,81.33,0.0,0.0,16,16.0,0.0,0.0,0.0,Aprovado,Matriculado,A
2018,1,7AB3E119,51.06,56.31,54.19,12.0,6.0,16,13.0,3.0,0.0,0.0,Aprovado,Transferido Externo,C
2018,1,23AA70E8,78.88,80.38,81.31,0.0,0.0,16,16.0,0.0,0.0,0.0,Aprovado,Transferido Externo,A
2018,1,293A02F2,68.06,67.88,68.48,2.0,2.0,16,16.0,0.0,0.0,0.0,Aprovado,Concluído,B
2018,1,DE100906,63.06,68.19,68.62,1.0,1.0,16,16.0,0.0,0.0,0.0,Aprovado,Matriculado,B
2018,1,E4C69785,50.0,53.25,51.12,15.0,10.0,16,12.0,0.0,4.0,0.0,Reprovado,Transferido Externo,D
2018,1,DCB1B2D8,64.56,68.81,71.06,2.0,1.0,16,16.0,0.0,0.0,0.0,Aprovado,Transferido Externo,B
2018,1,2501D568,78.5,80.88,80.9,0.0,0.0,16,16.0,0.0,0.0,0.0,Aprovado,Concluído,A
2018,1,390D7549,67.25,65.56,65.02,5.0,2.0,16,16.0,0.0,0.0,0.0,Aprovado,Concluído,B
2018,1,938163DA,53.62,57.94,56.4,10.0,8.0,16,14.0,2.0,0.0,0.0,Aprovado,Transferido Externo,C
2018,1,DE1CC7BA,60.12,66.75,63.48,8.0,3.0,16,16.0,0.0,0.0,0.0,Aprovado,Matriculado,B
2018,1,148BD0FF,66.94,70.06,70.35,1.0,1.0,16,16.0,0.0,0.0,0.0,Aprovado,Concluído,B
2018,1,7B69CD19,61.62,67.94,64.29,5.0,8.0,16,16.0,0.0,0.0,0.0,Aprovado,Transferido Externo,B
2018,1,0DF8CD44,57.75,69.38,61.69,11.0,10.0,16,15.0,0.0,1.0,0.0,Reprovado,Transferido Externo,D
2018,1,723AC8DE,54.44,50.44,49.94,12.0,7.0,16,13.0,0.0,3.0,0.0,Reprovado,Transferido Externo,D
2018,1,81D4E651,63.06,64.25,64.5,5.0,4.0,16,16.0,0.0,0.0,0.0,Aprovado,Matriculado,B
2018,2,0D7169B8,72.52,74.43,70.73,2.0,3.0,21,20.0,0.0,1.0,0.0,Reprovado,Transferido Externo,D
2018,3,63618AFB,77.74,79.16,79.77,0.0,0.0,19,19.0,0.0,0.0,0.0,Aprovado,Concluído,A
2019,3,3F510127,71.94,72.65,70.8,2.0,4.0,17,17.0,0.0,0.0,0.0,Aprovado,Concluído,B
2019,3,C8794595,7.71,43.71,44.51,15.0,12.0,17,16.0,1.0,0.0,0.0,Aprovado,Concluído,C
2019,3,61507F6B,69.47,68.71,68.06,2.0,5.0,17,17.0,0.0,0.0,0.0,Aprovado,Concluído,B
2019,1,159DCC98,0.0,0.0,0.0,16.0,16.0,16,0.0,0.0,16.0,0.0,Reprovado,Matriculado,D
2019,3,D3CDDAA7,48.65,59.53,57.51,9.0,6.0,17,15.0,2.0,0.0,0.0,Aprovado,Concluído,C
2019,3,145911B1,26.59,47.65,35.1,15.0,17.0,17,0.0,0.0,0.0,17.0,Reprovado,Jubilado,E
2019,3,6D5634BD,72.12,67.59,64.69,4.0,6.0,17,16.0,1.0,0.0,0.0,Aprovado,Concluído,C
2019,3,2AAEA443,66.94,68.06,65.25,2.0,4.0,17,15.0,2.0,0.0,0.0,Aprovado,Concluído,C
2019,3,A43B4713,75.0,74.0,67.82,2.0,6.0,17,16.0,1.0,0.0,0.0,Aprovado,Concluído,C
2019,3,345ED7BA,73.53,71.0,70.59,4.0,3.0,17,17.0,0.0,0.0,0.0,Aprovado,Concluído,B
2019,2,F095C2CA,69.28,72.17,70.85,2.0,5.0,18,18.0,0.0,0.0,0.0,Aprovado,Concluído,B
2019,3,1E3D5E48,76.47,77.24,75.47,2.0,2.0,17,17.0,0.0,0.0,0.0,Aprovado,Concluído,B
2019,3,6C22FAE4,61.0,65.35,63.76,7.0,10.0,17,14.0,3.0,0.0,0.0,Aprovado,Concluído,C
2019,3,B33843EB,67.41,69.12,65.88,2.0,5.0,17,17.0,0.0,0.0,0.0,Aprovado,Concluído,B
2019,3,C2FBF726,64.35,75.06,71.94,5.0,6.0,17,17.0,0.0,0.0,0.0,Aprovado,Concluído,B
2019,2,74E3031D,70.56,68.67,69.81,3.0,3.0,18,16.0,0.0,2.0,0.0,Aprovado,Transferido Externo,C
2019,2,9EBAF237,66.61,72.44,66.22,9.0,9.0,18,18.0,0.0,0.0,0.0,Aprovado,Concluído,B
2019,2,00945362,61.28,59.56,60.81,11.0,6.0,18,17.0,1.0,0.0,0.0,Aprovado,Concluído,C
2019,2,0276A52E,63.89,66.72,66.91,5.0,3.0,18,18.0,0.0,0.0,0.0,Aprovado,Concluído,B
2019,3,40DFFD39,72.0,72.88,70.41,4.0,9.0,17,16.0,1.0,0.0,0.0,Aprovado,Concluído,C
2019,3,F3EF7477,75.12,75.82,73.8,1.0,4.0,17,17.0,0.0,0.0,0.0,Aprovado,Concluído,B
2019,3,55A8AFB7,75.82,80.06,78.22,0.0,2.0,17,17.0,0.0,0.0,0.0,Aprovado,Concluído,B
2019,3,7FFFC998,68.0,72.06,71.61,1.0,4.0,17,17.0,0.0,0.0,0.0,Aprovado,Concluído,B
2019,3,C5043323,69.41,69.71,68.41,3.0,3.0,17,15.0,2.0,0.0,0.0,Aprovado,Concluído,C
2019,3,F9078F1E,81.76,80.0,79.25,0.0,1.0,17,17.0,0.0,0.0,0.0,Aprovado,Concluído,B
2019,3,A5993757,83.65,82.24,80.61,0.0,1.0,17,17.0,0.0,0.0,0.0,Aprovado,Concluído,B
2019,3,CA4FE636,86.82,82.47,79.43,0.0,1.0,17,17.0,0.0,0.0,0.0,Aprovado,Concluído,B
2019,3,83DAD53F,76.24,74.71,73.22,0.0,4.0,17,17.0,0.0,0.0,0.0,Aprovado,Matriculado,B
2019,3,A8123D4A,82.35,79.82,77.51,0.0,1.0,17,17.0,0.0,0.0,0.0,Aprovado,Concluído,B
2019,3,275DF28F,78.41,78.24,75.75,0.0,3.0,17,17.0,0.0,0.0,0.0,Aprovado,Concluído,B
2019,3,95075ECD,64.71,67.41,66.57,5.0,2.0,17,17.0,0.0,0.0,0.0,Aprovado,Concluído,B
2019,3,99326CBD,49.18,65.47,59.96,12.0,9.0,17,17.0,0.0,0.0,0.0,Aprovado,Concluído,B
2019,3,409F5D87,61.65,71.24,70.33,5.0,4.0,17,17.0,0.0,0.0,0.0,Aprovado,Concluído,B
2019,2,4F70276C,49.22,51.33,48.7,14.0,15.0,18,9.0,0.0,9.0,0.0,Reprovado,Transferido Externo,D
2019,2,4F30B3B8,64.11,61.61,50.96,7.0,16.0,18,6.0,0.0,12.0,0.0,Reprovado,Transferido Externo,D
2019,3,499ED738,43.29,66.06,63.75,11.0,9.0,17,17.0,0.0,0.0,0.0,Aprovado,Matriculado,B
2019,2,B28BDEA3,65.0,66.44,68.35,6.0,3.0,18,18.0,0.0,0.0,0.0,Aprovado,Concluído,B
2019,3,E36212D5,62.12,72.65,69.86,7.0,7.0,17,17.0,0.0,0.0,0.0,Aprovado,Concluído,B
2019,3,405D84B7,74.29,72.82,69.33,2.0,3.0,17,17.0,0.0,0.0,0.0,Aprovado,Concluído,B
2019,2,426A2AF0,61.17,72.28,70.24,8.0,5.0,18,18.0,0.0,0.0,0.0,Aprovado,Concluído,B
2019,2,CC324AE7,80.39,76.83,72.72,0.0,3.0,18,18.0,0.0,0.0,0.0,Aprovado,Concluído,B
2019,2,907637DC,88.72,88.11,88.39,0.0,0.0,18,18.0,0.0,0.0,0.0,Aprovado,Concluído,A
2019,2,608EE1BC,83.83,84.89,87.24,0.0,0.0,18,18.0,0.0,0.0,0.0,Aprovado,Concluído,A
2019,2,FDCBEF7F,58.56,65.61,66.81,8.0,2.0,18,18.0,0.0,0.0,0.0,Aprovado,Matriculado,B
2019,2,D80037A2,61.11,64.56,63.35,7.0,5.0,18,17.0,1.0,0.0,0.0,Aprovado,Concluído,C
2019,2,79513399,50.44,58.5,60.31,12.0,6.0,18,17.0,1.0,0.0,0.0,Aprovado,Matriculado,C
2019,2,538F795E,84.94,85.56,86.65,0.0,0.0,18,18.0,0.0,0.0,0.0,Aprovado,Concluído,A
2019,2,7817D218,53.5,64.33,52.28,10.0,15.0,18,8.0,0.0,10.0,0.0,Reprovado,Formado,D
2019,2,2A8F3D00,78.5,76.06,72.56,2.0,4.0,18,18.0,0.0,0.0,0.0,Aprovado,Matriculado,B
2019,2,7670C4DB,78.72,80.94,82.8,0.0,0.0,18,18.0,0.0,0.0,0.0,Aprovado,Concluído,A
2019,2,1291E517,82.72,81.5,82.26,0.0,2.0,18,18.0,0.0,0.0,0.0,Aprovado,Matriculado,B
2019,2,9998D445,79.17,82.11,84.13,0.0,0.0,18,18.0,0.0,0.0,0.0,Aprovado,Concluído,A
2019,2,26EDBB87,70.28,73.72,75.31,4.0,2.0,18,18.0,0.0,0.0,0.0,Aprovado,Concluído,B
2019,2,DDB970AE,69.06,66.89,67.06,2.0,5.0,18,18.0,0.0,0.0,0.0,Aprovado,Concluído,B
2019,2,F77A7BD3,59.06,66.89,68.2,7.0,6.0,18,18.0,0.0,0.0,0.0,Aprovado,Concluído,B
2019,2,1EDE1259,73.33,71.78,69.78,1.0,4.0,18,17.0,1.0,0.0,0.0,Aprovado,Concluído,C
2019,2,14A01C02,81.83,80.89,82.46,0.0,1.0,18,18.0,0.0,0.0,0.0,Aprovado,Concluído,B
2019,2,7E4AC7E2,73.83,69.94,72.24,3.0,0.0,18,18.0,0.0,0.0,0.0,Aprovado,Concluído,B
2019,2,99927E07,70.39,73.17,74.63,3.0,1.0,18,18.0,0.0,0.0,0.0,Aprovado,Concluído,B
2019,2,A7308B1B,77.06,76.06,77.13,1.0,2.0,18,17.0,0.0,1.0,0.0,Reprovado,Transferido Externo,D
2019,2,64B88DE0,86.33,86.78,82.2,0.0,1.0,18,18.0,0.0,0.0,0.0,Aprovado,Concluído,B
2019,2,8E69A75E,52.28,58.83,52.48,14.0,14.0,18,15.0,0.0,3.0,0.0,Reprovado,Matriculado,D
2019,2,134DC5F9,55.44,59.44,51.2,10.0,15.0,18,13.0,0.0,5.0,0.0,Reprovado,Formado,D
2019,2,DAEBACD7,71.17,72.33,69.98,0.0,4.0,18,18.0,0.0,0.0,0.0,Aprovado,Matriculado,B
2019,2,46D1DB9A,62.83,66.5,63.65,7.0,7.0,18,17.0,1.0,0.0,0.0,Aprovado,Matriculado,C
2019,2,1AD1EAA8,70.89,71.33,72.52,3.0,3.0,18,18.0,0.0,0.0,0.0,Aprovado,Concluído,B
2019,2,D9DB22EA,63.33,47.06,55.13,10.0,4.0,18,11.0,7.0,0.0,0.0,Aprovado,Matriculado,C
2019,2,14AE4E84,57.56,58.38,56.88,9.0,7.0,16,15.0,0.0,1.0,0.0,Reprovado,Transferido Externo,D
2019,2,0D82B7E3,56.11,61.28,58.3,13.0,8.0,18,14.0,3.0,1.0,0.0,Aprovado,Matriculado,C
2019,2,435A861E,69.06,70.72,69.87,2.0,5.0,18,18.0,0.0,0.0,0.0,Aprovado,Concluído,B
2019,2,54C0B837,86.17,87.61,84.96,0.0,0.0,18,18.0,0.0,0.0,0.0,Aprovado,Concluído,A
2019,2,34EAA594,59.06,65.5,64.33,4.0,1.0,18,18.0,0.0,0.0,0.0,Aprovado,Concluído,B
2019,1,46FF4D09,40.75,52.0,47.52,13.0,14.0,16,10.0,0.0,5.0,1.0,Reprovado,Jubilado,D
2019,2,247ED498,55.94,57.39,50.54,12.0,14.0,18,10.0,0.0,8.0,0.0,Reprovado,Transferido Externo,D
2019,2,EFBEB85C,54.5,60.19,57.62,9.0,7.0,16,13.0,0.0,3.0,0.0,Reprovado,Transferido Externo,D
2019,2,5606D39D,75.5,75.61,75.89,1.0,1.0,18,18.0,0.0,0.0,0.0,Aprovado,Concluído,B
2019,2,BBCD4B04,77.06,76.39,79.44,0.0,1.0,18,18.0,0.0,0.0,0.0,Aprovado,Matriculado,B
2019,2,65A03AC7,67.78,69.0,69.28,3.0,2.0,18,18.0,0.0,0.0,0.0,Aprovado,Concluído,B
2019,2,18D059A8,68.5,73.33,69.0,5.0,7.0,18,18.0,0.0,0.0,0.0,Aprovado,Concluído,B
2019,2,4F867BAE,84.06,81.44,82.52,0.0,0.0,18,18.0,0.0,0.0,0.0,Aprovado,Matriculado,A
2019,2,C7C93DEB,57.56,64.67,56.15,11.0,10.0,18,18.0,0.0,0.0,0.0,Aprovado,Matriculado,B
2019,2,A5AB2AE7,77.5,76.94,75.96,0.0,4.0,18,18.0,0.0,0.0,0.0,Aprovado,Concluído,B
2019,1,B7E19110,48.94,53.69,50.06,10.0,10.0,16,11.0,0.0,5.0,0.0,Reprovado,Transferido Externo,D
2019,2,02E49F94,54.67,55.11,52.59,11.0,11.0,18,13.0,0.0,5.0,0.0,Reprovado,Formado,D
2019,2,6B70CA24,81.44,76.56,76.98,1.0,2.0,18,18.0,0.0,0.0,0.0,Aprovado,Concluído,B
2019,2,EEAD9AAE,66.61,68.56,70.35,3.0,0.0,18,18.0,0.0,0.0,0.0,Aprovado,Concluído,B
2019,2,DF9EB17B,52.5,57.17,54.72,12.0,9.0,18,14.0,0.0,4.0,0.0,Reprovado,Matriculado,D
2019,2,A210F7D9,80.56,83.11,84.0,0.0,0.0,18,18.0,0.0,0.0,0.0,Aprovado,Concluído,A
2019,2,1E4D916D,72.0,74.39,74.0,1.0,1.0,18,18.0,0.0,0.0,0.0,Aprovado,Matriculado,B
2019,2,23AA70E8,78.83,76.11,78.56,1.0,2.0,18,16.0,1.0,1.0,0.0,Reprovado,Transferido Externo,D
2019,2,293A02F2,65.11,73.44,69.43,5.0,8.0,18,18.0,0.0,0.0,0.0,Aprovado,Concluído,B
2019,2,DE100906,71.11,75.06,72.91,1.0,2.0,18,18.0,0.0,0.0,0.0,Aprovado,Matriculado,B
2019,1,E4C69785,54.56,60.38,54.85,10.0,11.0,16,12.0,0.0,4.0,0.0,Reprovado,Transferido Externo,D
2019,2,DCB1B2D8,65.33,69.94,71.37,4.0,3.0,18,16.0,0.0,2.0,0.0,Reprovado,Transferido Externo,D
2019,2,2501D568,82.56,80.28,82.15,0.0,0.0,18,18.0,0.0,0.0,0.0,Aprovado,Concluído,A
2019,2,390D7549,39.28,66.22,64.69,14.0,7.0,18,18.0,0.0,0.0,0.0,Aprovado,Concluído,B
2019,2,DE1CC7BA,65.72,65.0,61.74,6.0,7.0,18,16.0,0.0,2.0,0.0,Aprovado,Matriculado,C
2019,2,148BD0FF,79.28,78.94,77.13,1.0,0.0,18,18.0,0.0,0.0,0.0,Aprovado,Concluído,B
2019,2,81D4E651,49.78,50.67,45.8,12.0,14.0,18,13.0,0.0,5.0,0.0,Reprovado,Matriculado,D
2019,1,730FE966,58.75,62.19,62.17,7.0,6.0,16,14.0,2.0,0.0,0.0,Aprovado,Transferido Externo,C
2019,1,92A3EE1F,65.75,76.06,73.79,7.0,5.0,16,16.0,0.0,0.0,0.0,Aprovado,Matriculado,B
2019,1,CAFA1808,54.12,55.0,48.65,11.0,14.0,16,3.0,0.0,13.0,0.0,Reprovado,Transferido Externo,D
2019,1,D86356B2,75.81,79.81,79.17,0.0,3.0,16,16.0,0.0,0.0,0.0,Aprovado,Transferido Externo,B
2019,1,83350D57,67.56,70.31,71.85,0.0,1.0,16,16.0,0.0,0.0,0.0,Aprovado,Formado,B
2019,1,ED1E5026,83.19,84.62,84.1,0.0,0.0,16,16.0,0.0,0.0,0.0,Aprovado,Formado,A
2019,1,23C48DD9,68.56,68.19,68.65,1.0,1.0,16,16.0,0.0,0.0,0.0,Aprovado,Formado,B
2019,1,B0C33B04,55.0,64.44,64.71,8.0,9.0,16,15.0,1.0,0.0,0.0,Aprovado,Transferido Externo,C
2019,1,7D1B8ABF,63.62,68.69,66.08,4.0,5.0,16,16.0,0.0,0.0,0.0,Aprovado,Formado,B
2019,1,9D6B3FBF,71.75,74.81,76.71,1.0,0.0,16,16.0,0.0,0.0,0.0,Aprovado,Formado,B
2019,1,7F376B0A,55.25,58.88,56.52,8.0,10.0,16,11.0,0.0,5.0,0.0,Reprovado,Transferido Externo,D
2019,1,B8964F0C,48.69,53.0,50.69,12.0,14.0,16,5.0,0.0,11.0,0.0,Reprovado,Transferido Externo,D
2019,1,FA1650F3,74.94,79.12,77.04,2.0,1.0,16,16.0,0.0,0.0,0.0,Aprovado,Formado,B
2019,1,D5754B8F,60.38,67.81,66.19,3.0,5.0,16,15.0,0.0,1.0,0.0,Reprovado,Transferido Externo,D
2019,1,59A7C8EB,55.38,61.5,59.33,8.0,8.0,16,14.0,2.0,0.0,0.0,Aprovado,Transferido Externo,C
2019,1,04345DDB,64.44,73.0,72.6,1.0,2.0,16,16.0,0.0,0.0,0.0,Aprovado,Formado,B
2019,1,04A0DF36,64.5,67.44,67.42,3.0,3.0,16,16.0,0.0,0.0,0.0,Aprovado,Formado,B
2019,1,86361D6E,48.5,60.44,62.12,11.0,3.0,16,15.0,1.0,0.0,0.0,Aprovado,Matriculado,C
2019,1,3AEF98AA,62.19,67.12,60.33,4.0,12.0,16,16.0,0.0,0.0,0.0,Aprovado,Matriculado,B
2019,1,AE378908,69.44,71.19,67.79,2.0,5.0,16,16.0,0.0,0.0,0.0,Aprovado,Matriculado,B
2019,1,DD6785A8,74.56,77.75,76.67,0.0,1.0,16,16.0,0.0,0.0,0.0,Aprovado,Formado,B
2019,1,DC74FA9E,62.94,71.31,72.21,4.0,2.0,16,16.0,0.0,0.0,0.0,Aprovado,Matriculado,B
2019,1,71662210,72.25,77.19,74.65,1.0,6.0,16,16.0,0.0,0.0,0.0,Aprovado,Formado,B
2019,1,7FBE9A43,76.06,76.94,73.79,0.0,6.0,16,16.0,0.0,0.0,0.0,Aprovado,Transferido Externo,B
2019,1,F2809A70,71.88,78.44,79.58,0.0,0.0,16,16.0,0.0,0.0,0.0,Aprovado,Formado,A
2019,1,2C2F9CD3,68.69,72.94,73.75,2.0,2.0,16,16.0,0.0,0.0,0.0,Aprovado,Transferido Externo,B
2019,1,8DDF6D58,71.5,73.12,73.23,1.0,2.0,16,16.0,0.0,0.0,0.0,Aprovado,Formado,B
2019,1,30E05570,21.75,36.19,27.46,16.0,16.0,16,0.0,0.0,1.0,15.0,Reprovado,Transferido Externo,E
2019,1,B4397E2D,48.56,9.5,26.9,13.0,6.0,16,1.0,0.0,15.0,0.0,Reprovado,Transferido Externo,D
2019,1,DA0396E0,64.75,66.75,64.73,1.0,8.0,16,16.0,0.0,0.0,0.0,Aprovado,Transferido Externo,B
2019,1,9C8EF3F0,69.75,72.06,75.04,1.0,0.0,16,16.0,0.0,0.0,0.0,Aprovado,Formado,B
2019,1,DBA533A1,68.44,72.19,71.94,2.0,2.0,16,16.0,0.0,0.0,0.0,Aprovado,Matriculado,B
2019,1,D1360E42,69.25,72.75,72.17,1.0,0.0,16,16.0,0.0,0.0,0.0,Aprovado,Formado,B
2019,1,854CA08D,72.25,74.5,75.85,0.0,1.0,16,16.0,0.0,0.0,0.0,Aprovado,Transferido Externo,B
2019,1,775009B9,51.81,57.5,56.31,12.0,13.0,16,13.0,0.0,2.0,1.0,Reprovado,Transferido Externo,D
2019,1,7AC1C3E3,70.44,70.31,70.79,0.0,1.0,16,16.0,0.0,0.0,0.0,Aprovado,Transferido Externo,B
2019,1,E3B20E04,75.19,74.69,71.1,0.0,5.0,16,16.0,0.0,0.0,0.0,Aprovado,Formado,B
2019,1,4B811A6E,53.25,66.81,64.58,7.0,7.0,16,16.0,0.0,0.0,0.0,Aprovado,Transferido Externo,B
2019,1,CE96F954,75.62,76.75,76.4,0.0,0.0,16,16.0,0.0,0.0,0.0,Aprovado,Transferido Externo,A
2019,1,3B0F9073,67.94,70.56,69.98,0.0,3.0,16,16.0,0.0,0.0,0.0,Aprovado,Formado,B
2019,1,7EAFB733,53.38,58.31,57.79,11.0,7.0,16,13.0,3.0,0.0,0.0,Aprovado,Formado,C
2019,1,AB3A421F,52.31,67.06,64.48,9.0,7.0,16,12.0,0.0,0.0,4.0,Aprovado,Matriculado,
2019,1,FEA8EB41,54.19,60.88,58.48,9.0,8.0,16,14.0,0.0,2.0,0.0,Reprovado,Matriculado,D
2019,1,0E70E401,61.5,68.62,68.96,1.0,1.0,16,16.0,0.0,0.0,0.0,Aprovado,Formado,B
2019,1,2B58C09F,63.81,67.19,66.92,4.0,3.0,16,16.0,0.0,0.0,0.0,Aprovado,Formado,B
2019,1,4590B5C4,77.44,78.44,81.23,0.0,0.0,16,16.0,0.0,0.0,0.0,Aprovado,Formado,A
2019,1,EAFCAEEF,56.69,61.75,63.33,5.0,2.0,16,13.0,0.0,3.0,0.0,Reprovado,Matriculado,D
2019,1,601B1DC9,84.88,85.0,84.94,0.0,1.0,16,16.0,0.0,0.0,0.0,Aprovado,Matriculado,B
2019,1,D9E75864,63.88,70.06,68.23,5.0,3.0,16,16.0,0.0,0.0,0.0,Aprovado,Formado,B
2019,1,B195E04E,63.31,62.69,44.81,2.0,16.0,16,0.0,0.0,16.0,0.0,Reprovado,Matriculado,D
2019,1,4560B556,72.38,72.75,72.92,2.0,2.0,16,16.0,0.0,0.0,0.0,Aprovado,Formado,B
2019,1,5805C04A,62.06,71.75,71.58,3.0,6.0,16,15.0,0.0,1.0,0.0,Reprovado,Transferido Externo,D
2019,1,2BAE8141,62.56,66.88,63.46,4.0,5.0,16,15.0,1.0,0.0,0.0,Aprovado,Formado,C
2019,1,AAA617DE,60.25,61.56,59.38,7.0,10.0,16,15.0,1.0,0.0,0.0,Aprovado,Formado,C
2019,1,2AE52679,61.31,67.06,58.79,5.0,11.0,16,13.0,0.0,3.0,0.0,Reprovado,Transferido Externo,D
2019,1,1A716A9D,49.25,49.88,47.44,10.0,12.0,16,10.0,0.0,6.0,0.0,Reprovado,Transferido Externo,D
2019,1,A07FF325,70.75,74.0,71.85,1.0,6.0,16,16.0,0.0,0.0,0.0,Aprovado,Formado,B
2019,1,61A36178,55.62,65.31,64.12,9.0,10.0,16,14.0,2.0,0.0,0.0,Aprovado,Matriculado,C
2019,1,6E280FCF,57.5,62.06,61.73,5.0,8.0,16,15.0,1.0,0.0,0.0,Aprovado,Transferido Externo,C
2019,1,1F2E836A,49.0,46.38,36.71,14.0,15.0,16,0.0,0.0,0.0,16.0,Reprovado,Transferido Externo,E
2019,1,F73E3C76,57.5,64.31,63.0,7.0,5.0,16,16.0,0.0,0.0,0.0,Aprovado,Matriculado,B
2019,1,86E76272,18.0,8.5,10.56,16.0,15.0,16,0.0,0.0,1.0,15.0,Reprovado,Transferido Externo,E
2019,1,B54F1CD0,34.88,54.19,56.0,12.0,10.0,16,14.0,0.0,2.0,0.0,Reprovado,Matriculado,D
2019,1,0B52CCAB,60.56,65.06,67.77,3.0,2.0,16,16.0,0.0,0.0,0.0,Aprovado,Formado,B
2019,1,483EFBBD,64.88,68.0,67.46,3.0,5.0,16,16.0,0.0,0.0,0.0,Aprovado,Transferido Externo,B
2019,1,1121699E,62.0,62.88,62.38,7.0,5.0,16,16.0,0.0,0.0,0.0,Aprovado,Formado,B
2019,1,CA183640,42.62,47.44,44.98,12.0,12.0,16,3.0,0.0,13.0,0.0,Reprovado,Matriculado,D
2019,1,42CB0ACA,45.44,51.5,51.94,13.0,7.0,16,8.0,0.0,8.0,0.0,Reprovado,Transferido Externo,D
2019,1,62FEBC27,63.81,71.75,71.88,3.0,1.0,16,16.0,0.0,0.0,0.0,Aprovado,Formado,B
2019,1,3AA23B2C,65.19,68.5,63.83,8.0,10.0,16,16.0,0.0,0.0,0.0,Aprovado,Transferido Externo,B
2019,1,830162C4,36.38,31.19,26.42,14.0,15.0,16,0.0,0.0,0.0,16.0,Reprovado,Matriculado,E
2019,1,3D4CD305,66.75,70.44,67.71,3.0,5.0,16,16.0,0.0,0.0,0.0,Aprovado,Transferido Externo,B
2019,1,D57D3836,52.19,57.25,57.04,11.0,9.0,16,12.0,4.0,0.0,0.0,Aprovado,Matriculado,C
2019,1,3E8BABBA,55.88,58.0,59.08,8.0,9.0,16,11.0,0.0,5.0,0.0,Reprovado,Transferido Externo,D
2020,3,145911B1,10.29,6.94,4.63,16.0,17.0,17,0.0,0.0,16.0,1.0,Reprovado,Jubilado,D
2020,3,F095C2CA,83.88,82.29,81.53,0.0,3.0,17,17.0,0.0,0.0,0.0,Aprovado,Concluído,B
2020,3,74E3031D,19.18,13.59,9.06,16.0,17.0,17,0.0,0.0,17.0,0.0,Reprovado,Transferido Externo,D
2020,3,9EBAF237,68.53,73.47,70.82,2.0,7.0,17,17.0,0.0,0.0,0.0,Aprovado,Concluído,B
2020,3,00945362,75.06,76.65,68.98,3.0,11.0,17,17.0,0.0,0.0,0.0,Aprovado,Concluído,B
2020,3,0276A52E,78.88,80.53,73.8,2.0,9.0,17,17.0,0.0,0.0,0.0,Aprovado,Concluído,B
2020,3,B28BDEA3,70.82,71.59,66.27,2.0,10.0,17,17.0,0.0,0.0,0.0,Aprovado,Concluído,B
2020,3,426A2AF0,68.0,67.71,60.2,6.0,13.0,17,17.0,0.0,0.0,0.0,Aprovado,Concluído,B
2020,3,CC324AE7,82.47,84.53,84.9,1.0,2.0,17,17.0,0.0,0.0,0.0,Aprovado,Concluído,B
2020,3,907637DC,92.12,90.29,90.88,0.0,3.0,17,17.0,0.0,0.0,0.0,Aprovado,Concluído,B
2020,3,608EE1BC,91.24,90.76,90.94,0.0,0.0,17,17.0,0.0,0.0,0.0,Aprovado,Concluído,A
2020,3,D80037A2,81.12,79.06,78.37,0.0,4.0,17,17.0,0.0,0.0,0.0,Aprovado,Concluído,B
2020,3,79513399,75.94,73.53,70.08,0.0,10.0,17,17.0,0.0,0.0,0.0,Aprovado,Matriculado,B
2020,2,7817D218,40.12,59.47,50.08,12.0,13.0,17,16.0,1.0,0.0,0.0,Aprovado,Formado,C
2020,3,7670C4DB,90.18,88.47,88.25,0.0,2.0,17,17.0,0.0,0.0,0.0,Aprovado,Concluído,B
2020,3,1291E517,87.71,87.82,85.59,0.0,3.0,17,17.0,0.0,0.0,0.0,Aprovado,Matriculado,B
2020,3,9998D445,92.65,91.76,90.35,0.0,0.0,17,17.0,0.0,0.0,0.0,Aprovado,Concluído,A
2020,3,26EDBB87,45.12,74.65,78.06,7.0,2.0,17,17.0,0.0,0.0,0.0,Aprovado,Concluído,B
2020,3,DDB970AE,80.47,79.76,80.47,0.0,5.0,17,17.0,0.0,0.0,0.0,Aprovado,Concluído,B
2020,3,F77A7BD3,71.41,70.0,69.8,4.0,8.0,17,17.0,0.0,0.0,0.0,Aprovado,Concluído,B
2020,3,14A01C02,90.82,89.41,89.43,0.0,0.0,17,17.0,0.0,0.0,0.0,Aprovado,Concluído,A
2020,3,7E4AC7E2,74.41,75.24,73.73,2.0,5.0,17,17.0,0.0,0.0,0.0,Aprovado,Concluído,B
2020,3,99927E07,88.18,86.06,83.84,0.0,2.0,17,17.0,0.0,0.0,0.0,Aprovado,Concluído,B
2020,3,64B88DE0,76.71,77.53,71.02,1.0,8.0,17,17.0,0.0,0.0,0.0,Aprovado,Concluído,B
2020,2,8E69A75E,37.18,69.41,66.9,11.0,5.0,17,17.0,0.0,0.0,0.0,Aprovado,Matriculado,B
2020,2,134DC5F9,44.0,65.82,57.22,10.0,12.0,17,16.0,1.0,0.0,0.0,Aprovado,Formado,C
2020,3,DAEBACD7,63.53,62.82,46.49,5.0,16.0,17,8.0,9.0,0.0,0.0,Aprovado,Matriculado,C
2020,3,1AD1EAA8,81.65,80.12,79.06,0.0,5.0,17,17.0,0.0,0.0,0.0,Aprovado,Concluído,B
2020,3,D9DB22EA,65.71,63.29,48.73,7.0,15.0,17,10.0,7.0,0.0,0.0,Aprovado,Matriculado,C
2020,3,0D82B7E3,10.88,11.47,7.65,16.0,17.0,17,1.0,0.0,16.0,0.0,Reprovado,Matriculado,D
2020,3,54C0B837,89.53,89.12,89.63,0.0,0.0,17,17.0,0.0,0.0,0.0,Aprovado,Concluído,A
2020,3,34EAA594,85.65,84.65,84.0,0.0,1.0,17,17.0,0.0,0.0,0.0,Aprovado,Concluído,B
2020,1,46FF4D09,39.5,55.12,54.79,13.0,11.0,16,14.0,1.0,1.0,0.0,Aprovado,Jubilado,C
2020,2,247ED498,26.59,40.65,31.04,17.0,17.0,17,6.0,0.0,11.0,0.0,Reprovado,Transferido Externo,D
2020,3,5606D39D,87.29,84.94,84.51,0.0,3.0,17,17.0,0.0,0.0,0.0,Aprovado,Concluído,B
2020,3,BBCD4B04,76.47,73.41,78.33,0.0,0.0,17,17.0,0.0,0.0,0.0,Aprovado,Matriculado,A
2020,3,65A03AC7,46.29,63.24,60.04,10.0,9.0,17,17.0,0.0,0.0,0.0,Aprovado,Concluído,B
2020,3,18D059A8,64.06,74.29,76.76,3.0,2.0,17,17.0,0.0,0.0,0.0,Aprovado,Concluído,B
2020,3,4F867BAE,88.47,88.29,87.67,0.0,1.0,17,17.0,0.0,0.0,0.0,Aprovado,Matriculado,B
2020,3,C7C93DEB,60.76,73.65,77.25,4.0,1.0,17,17.0,0.0,0.0,0.0,Aprovado,Matriculado,B
2020,3,A5AB2AE7,85.94,84.47,80.9,0.0,0.0,17,17.0,0.0,0.0,0.0,Aprovado,Concluído,A
2020,2,02E49F94,71.18,71.06,66.2,5.0,7.0,17,17.0,0.0,0.0,0.0,Aprovado,Formado,B
2020,3,EEAD9AAE,86.88,87.12,87.16,0.0,0.0,17,17.0,0.0,0.0,0.0,Aprovado,Concluído,A
2020,2,DF9EB17B,56.24,72.76,70.04,8.0,6.0,17,14.0,0.0,0.0,3.0,Aprovado,Matriculado,
2020,3,A210F7D9,79.0,81.06,82.41,0.0,3.0,17,17.0,0.0,0.0,0.0,Aprovado,Concluído,B
2020,3,293A02F2,85.59,84.29,83.27,0.0,4.0,17,17.0,0.0,0.0,0.0,Aprovado,Concluído,B
2020,1,E4C69785,25.69,19.12,12.75,14.0,16.0,16,0.0,0.0,16.0,0.0,Reprovado,Transferido Externo,D
2020,3,2501D568,87.29,86.59,85.98,0.0,0.0,17,17.0,0.0,0.0,0.0,Aprovado,Concluído,A
2020,3,390D7549,69.41,76.47,77.45,4.0,3.0,17,17.0,0.0,0.0,0.0,Aprovado,Concluído,B
2020,3,DE1CC7BA,44.82,42.12,30.43,12.0,16.0,17,1.0,0.0,16.0,0.0,Reprovado,Matriculado,D
2020,3,148BD0FF,90.82,89.35,84.67,0.0,3.0,17,17.0,0.0,0.0,0.0,Aprovado,Concluído,B
2020,2,81D4E651,39.88,64.24,62.45,10.0,6.0,17,17.0,0.0,0.0,0.0,Aprovado,Matriculado,B
2020,2,730FE966,22.18,15.53,10.82,17.0,17.0,17,0.0,0.0,17.0,0.0,Reprovado,Transferido Externo,D
2020,2,92A3EE1F,12.29,41.24,35.92,16.0,12.0,17,17.0,0.0,0.0,0.0,Aprovado,Matriculado,B
2020,2,83350D57,73.24,77.94,77.16,1.0,1.0,17,17.0,0.0,0.0,0.0,Aprovado,Formado,B
2020,2,ED1E5026,91.41,90.41,89.88,0.0,0.0,17,17.0,0.0,0.0,0.0,Aprovado,Formado,A
2020,2,23C48DD9,81.88,80.53,81.9,0.0,3.0,17,17.0,0.0,0.0,0.0,Aprovado,Formado,B
2020,2,B0C33B04,11.06,10.29,7.06,17.0,17.0,17,0.0,0.0,17.0,0.0,Reprovado,Transferido Externo,D
2020,2,7D1B8ABF,68.71,72.59,73.59,4.0,3.0,17,17.0,0.0,0.0,0.0,Aprovado,Formado,B
2020,2,9D6B3FBF,87.06,88.12,87.73,0.0,3.0,17,17.0,0.0,0.0,0.0,Aprovado,Formado,B
2020,1,7F376B0A,18.19,13.88,9.25,16.0,16.0,16,0.0,0.0,16.0,0.0,Reprovado,Transferido Externo,D
2020,2,FA1650F3,84.41,84.65,84.8,0.0,1.0,17,17.0,0.0,0.0,0.0,Aprovado,Formado,B
2020,2,59A7C8EB,51.71,55.76,48.71,9.0,13.0,17,15.0,2.0,0.0,0.0,Aprovado,Transferido Externo,C
2020,2,04345DDB,84.71,80.47,80.25,0.0,2.0,17,17.0,0.0,0.0,0.0,Aprovado,Formado,B
2020,2,04A0DF36,76.76,80.47,81.96,0.0,0.0,17,17.0,0.0,0.0,0.0,Aprovado,Formado,A
2020,2,86361D6E,34.0,39.94,28.65,13.0,16.0,17,2.0,0.0,15.0,0.0,Reprovado,Matriculado,D
2020,2,3AEF98AA,47.35,49.53,35.04,11.0,16.0,17,8.0,0.0,9.0,0.0,Reprovado,Matriculado,D
2020,2,AE378908,53.06,46.12,32.12,12.0,16.0,17,1.0,0.0,16.0,0.0,Reprovado,Matriculado,D
2020,2,DD6785A8,86.41,86.47,86.94,0.0,2.0,17,17.0,0.0,0.0,0.0,Aprovado,Formado,B
2020,2,DC74FA9E,49.53,63.29,54.16,10.0,15.0,17,15.0,2.0,0.0,0.0,Aprovado,Matriculado,C
2020,2,71662210,76.18,79.59,80.57,1.0,0.0,17,17.0,0.0,0.0,0.0,Aprovado,Formado,B
2020,2,7FBE9A43,55.82,61.94,54.25,8.0,10.0,17,12.0,4.0,1.0,0.0,Reprovado,Transferido Externo,D
2020,2,F2809A70,75.35,77.18,75.33,3.0,6.0,17,17.0,0.0,0.0,0.0,Aprovado,Formado,B
2020,2,2C2F9CD3,34.88,32.24,24.29,16.0,16.0,17,2.0,0.0,15.0,0.0,Reprovado,Transferido Externo,D
2020,2,8DDF6D58,78.71,80.88,79.04,1.0,2.0,17,17.0,0.0,0.0,0.0,Aprovado,Formado,B
2020,1,30E05570,33.94,31.19,20.88,13.0,16.0,16,0.0,0.0,16.0,0.0,Reprovado,Transferido Externo,D
2020,2,DA0396E0,27.47,27.76,19.47,17.0,17.0,17,1.0,0.0,16.0,0.0,Reprovado,Transferido Externo,D
2020,2,9C8EF3F0,78.29,75.29,74.25,2.0,3.0,17,17.0,0.0,0.0,0.0,Aprovado,Formado,B
2020,2,DBA533A1,36.94,32.24,22.96,15.0,17.0,17,0.0,0.0,17.0,0.0,Reprovado,Matriculado,D
2020,2,D1360E42,84.53,83.12,83.71,1.0,3.0,17,17.0,0.0,0.0,0.0,Aprovado,Formado,B
2020,2,854CA08D,6.59,3.35,2.24,17.0,17.0,17,0.0,0.0,17.0,0.0,Reprovado,Transferido Externo,D
2020,2,E3B20E04,44.06,70.18,71.51,10.0,2.0,17,17.0,0.0,0.0,0.0,Aprovado,Formado,B
2020,2,4B811A6E,21.82,17.82,11.88,17.0,17.0,17,0.0,0.0,17.0,0.0,Reprovado,Transferido Externo,D
2020,2,CE96F954,52.18,40.29,28.02,15.0,17.0,17,0.0,0.0,17.0,0.0,Reprovado,Transferido Externo,D
2020,2,3B0F9073,69.94,77.65,75.86,3.0,2.0,17,17.0,0.0,0.0,0.0,Aprovado,Formado,B
2020,2,7EAFB733,60.18,70.18,70.78,4.0,2.0,17,17.0,0.0,0.0,0.0,Aprovado,Formado,B
2020,2,AB3A421F,20.65,24.59,24.39,17.0,13.0,17,13.0,4.0,0.0,0.0,Aprovado,Matriculado,C
2020,1,FEA8EB41,80.62,80.88,81.75,0.0,2.0,16,16.0,0.0,0.0,0.0,Aprovado,Matriculado,B
2020,2,0E70E401,80.47,82.24,82.41,0.0,2.0,17,17.0,0.0,0.0,0.0,Aprovado,Formado,B
2020,2,2B58C09F,71.24,78.41,78.35,3.0,2.0,17,17.0,0.0,0.0,0.0,Aprovado,Formado,B
2020,2,4590B5C4,88.18,88.65,86.71,1.0,3.0,17,17.0,0.0,0.0,0.0,Aprovado,Formado,B
2020,1,EAFCAEEF,24.94,39.62,38.67,14.0,10.0,16,3.0,13.0,0.0,0.0,Aprovado,Matriculado,C
2020,2,601B1DC9,49.29,46.94,36.12,16.0,16.0,17,1.0,0.0,16.0,0.0,Reprovado,Matriculado,D
2020,2,D9E75864,55.0,65.24,64.22,8.0,5.0,17,17.0,0.0,0.0,0.0,Aprovado,Formado,B
2020,1,B195E04E,2.5,1.25,0.83,16.0,16.0,16,0.0,0.0,16.0,0.0,Reprovado,Matriculado,D
2020,1,5805C04A,9.31,6.44,5.54,16.0,15.0,16,0.0,0.0,16.0,0.0,Reprovado,Transferido Externo,D
2020,2,2BAE8141,66.59,67.59,66.25,5.0,6.0,17,17.0,0.0,0.0,0.0,Aprovado,Formado,B
2020,2,AAA617DE,62.88,74.76,76.02,5.0,1.0,17,17.0,0.0,0.0,0.0,Aprovado,Formado,B
2020,1,1A716A9D,28.25,39.56,43.23,13.0,13.0,16,13.0,3.0,0.0,0.0,Aprovado,Transferido Externo,C
2020,2,A07FF325,74.29,79.71,79.8,3.0,2.0,17,17.0,0.0,0.0,0.0,Aprovado,Formado,B
2020,2,61A36178,27.12,43.06,35.04,16.0,16.0,17,10.0,6.0,1.0,0.0,Aprovado,Matriculado,C
2020,2,6E280FCF,34.18,50.29,54.25,13.0,8.0,17,15.0,2.0,0.0,0.0,Aprovado,Transferido Externo,C
2020,2,F73E3C76,21.88,13.12,9.27,16.0,17.0,17,0.0,0.0,17.0,0.0,Reprovado,Matriculado,D
2020,1,86E76272,10.38,11.06,8.62,16.0,15.0,16,0.0,0.0,16.0,0.0,Reprovado,Transferido Externo,D
2020,1,B54F1CD0,51.69,74.19,74.35,9.0,1.0,16,16.0,0.0,0.0,0.0,Aprovado,Matriculado,B
2020,2,0B52CCAB,67.65,78.0,79.2,3.0,1.0,17,17.0,0.0,0.0,0.0,Aprovado,Formado,B
2020,2,483EFBBD,53.65,42.94,28.63,11.0,17.0,17,0.0,0.0,17.0,0.0,Reprovado,Transferido Externo,D
2020,2,1121699E,66.47,65.76,54.55,6.0,13.0,17,17.0,0.0,0.0,0.0,Aprovado,Formado,B
2020,1,CA183640,7.56,5.5,3.67,16.0,16.0,16,0.0,0.0,16.0,0.0,Reprovado,Matriculado,D
2020,1,42CB0ACA,44.81,55.88,58.1,11.0,8.0,16,15.0,1.0,0.0,0.0,Aprovado,Transferido Externo,C
2020,2,62FEBC27,81.88,82.76,80.31,0.0,1.0,17,17.0,0.0,0.0,0.0,Aprovado,Formado,B
2020,2,3AA23B2C,48.65,60.82,63.18,8.0,5.0,17,16.0,1.0,0.0,0.0,Aprovado,Transferido Externo,C
2020,1,830162C4,0.62,1.56,1.04,16.0,16.0,16,0.0,0.0,16.0,0.0,Reprovado,Matriculado,D
2020,2,D57D3836,27.71,21.29,23.16,15.0,13.0,17,1.0,0.0,16.0,0.0,Reprovado,Matriculado,D
2020,1,3E8BABBA,54.31,65.0,65.9,5.0,2.0,16,15.0,1.0,0.0,0.0,Aprovado,Transferido Externo,C
2020,1,082D36DB,84.5,85.44,86.94,0.0,1.0,16,16.0,0.0,0.0,0.0,Aprovado,Matriculado,B
2020,1,EC70CB52,76.56,76.81,77.27,1.0,4.0,16,16.0,0.0,0.0,0.0,Aprovado,Matriculado,B
2020,1,CF6AE7E4,60.06,68.5,72.52,5.0,3.0,16,16.0,0.0,0.0,0.0,Aprovado,Matriculado,B
2020,1,59F2242F,91.19,92.88,93.23,0.0,0.0,16,16.0,0.0,0.0,0.0,Aprovado,Matriculado,A
2020,1,B5C04BCD,71.62,74.5,76.02,2.0,2.0,16,16.0,0.0,0.0,0.0,Aprovado,Matriculado,B
2020,1,5509558E,77.69,81.19,79.67,2.0,0.0,16,16.0,0.0,0.0,0.0,Aprovado,Matriculado,B
2020,1,F1E73569,17.88,16.19,12.54,16.0,15.0,16,0.0,0.0,16.0,0.0,Reprovado,Transferido Externo,D
2020,1,01342200,67.44,69.44,68.88,2.0,4.0,16,16.0,0.0,0.0,0.0,Aprovado,Matriculado,B
2020,1,0F0E5558,14.56,15.62,18.15,16.0,13.0,16,1.0,0.0,15.0,0.0,Reprovado,Transferido Externo,D
2020,1,BD71B4F4,54.62,66.5,62.12,7.0,8.0,16,16.0,0.0,0.0,0.0,Aprovado,Matriculado,B
2020,1,ABBD9F35,67.56,70.94,70.42,4.0,11.0,16,15.0,1.0,0.0,0.0,Aprovado,Matriculado,C
2020,1,7CEC1D3D,81.62,80.69,82.94,1.0,0.0,16,16.0,0.0,0.0,0.0,Aprovado,Matriculado,B
2020,1,01325F4C,69.69,71.69,77.75,2.0,0.0,16,16.0,0.0,0.0,0.0,Aprovado,Matriculado,B
2020,1,87E1E410,77.88,77.88,75.96,0.0,3.0,16,16.0,0.0,0.0,0.0,Aprovado,Matriculado,B
2020,1,CC2730BB,43.75,55.12,47.19,11.0,14.0,16,7.0,0.0,9.0,0.0,Reprovado,Transferido Externo,D
2020,1,11DB5D53,80.12,81.12,81.79,0.0,0.0,16,16.0,0.0,0.0,0.0,Aprovado,Matriculado,A
2020,1,57DEB4CA,56.94,61.38,53.35,8.0,14.0,16,10.0,0.0,6.0,0.0,Reprovado,Matriculado,D
2020,1,B0B57030,81.12,80.38,79.94,0.0,1.0,16,16.0,0.0,0.0,0.0,Aprovado,Matriculado,B
2020,1,E5829019,25.81,39.25,45.5,16.0,9.0,16,6.0,10.0,0.0,0.0,Aprovado,Matriculado,C
2020,1,F55C3A65,62.69,76.19,72.1,8.0,1.0,16,16.0,0.0,0.0,0.0,Aprovado,Matriculado,B
2020,1,B46F2E71,38.5,44.12,45.83,13.0,12.0,16,9.0,7.0,0.0,0.0,Aprovado,Matriculado,C
2020,1,66950003,85.62,83.5,79.81,1.0,6.0,16,16.0,0.0,0.0,0.0,Aprovado,Matriculado,B
2020,1,52623333,81.25,82.62,81.0,0.0,1.0,16,15.0,1.0,0.0,0.0,Aprovado,Matriculado,C
2020,1,945118D5,11.81,7.69,7.88,16.0,15.0,16,0.0,0.0,16.0,0.0,Reprovado,Matriculado,D
2020,1,6137D67F,90.38,88.62,90.31,0.0,0.0,16,16.0,0.0,0.0,0.0,Aprovado,Matriculado,A
2020,1,05201F8B,14.31,9.56,7.83,16.0,15.0,16,0.0,0.0,16.0,0.0,Reprovado,Transferido Externo,D
2020,1,7AEEA611,17.31,12.5,8.33,16.0,16.0,16,0.0,0.0,16.0,0.0,Reprovado,Transferido Externo,D
2020,1,911FCCEF,13.19,18.0,27.79,15.0,12.0,16,1.0,0.0,15.0,0.0,Reprovado,Transferido Externo,D
2020,1,10A35613,29.75,47.0,47.48,14.0,13.0,16,8.0,8.0,0.0,0.0,Aprovado,Matriculado,C
2020,1,8B35DCEA,91.81,92.5,93.73,0.0,0.0,16,16.0,0.0,0.0,0.0,Aprovado,Matriculado,A
2020,1,87BB87A9,81.06,82.38,81.88,1.0,2.0,16,16.0,0.0,0.0,0.0,Aprovado,Matriculado,B
2020,1,C13F2202,26.81,22.94,15.77,15.0,16.0,16,0.0,0.0,16.0,0.0,Reprovado,Transferido Externo,D
2020,1,1E882A9D,11.69,7.75,5.17,16.0,16.0,16,0.0,0.0,16.0,0.0,Reprovado,Transferido Externo,D
2020,1,C6A9C8C2,17.88,21.75,17.06,15.0,15.0,16,0.0,0.0,16.0,0.0,Reprovado,Transferido Externo,D
2020,1,EDB2D486,26.25,34.31,29.25,14.0,15.0,16,6.0,0.0,10.0,0.0,Reprovado,Transferido Externo,D
2020,1,B318EE12,85.94,85.06,87.27,0.0,0.0,16,16.0,0.0,0.0,0.0,Aprovado,Matriculado,A
2020,1,6689B6DA,37.56,41.44,30.83,15.0,16.0,16,2.0,0.0,14.0,0.0,Reprovado,Matriculado,D
2020,1,CD98C5CB,16.56,10.69,7.12,16.0,16.0,16,0.0,0.0,16.0,0.0,Reprovado,Matriculado,D
2020,1,80E56C77,25.5,56.12,49.33,14.0,14.0,16,13.0,3.0,0.0,0.0,Aprovado,Matriculado,C
2020,1,8F049DC1,68.62,70.12,74.81,4.0,1.0,16,16.0,0.0,0.0,0.0,Aprovado,Matriculado,B
2020,1,D90C9C6B,25.88,23.69,21.0,15.0,14.0,16,12.0,0.0,4.0,0.0,Reprovado,Matriculado,D
2020,1,5997487F,41.56,68.06,66.54,12.0,6.0,16,14.0,2.0,0.0,0.0,Aprovado,Matriculado,C
2020,1,CB9C992B,17.0,13.75,10.42,16.0,15.0,16,0.0,0.0,16.0,0.0,Reprovado,Transferido Externo,D
2020,1,3CC912A4,23.38,54.25,48.5,15.0,10.0,16,13.0,3.0,0.0,0.0,Aprovado,Matriculado,C
2020,1,C371C553,47.62,63.06,60.0,9.0,11.0,16,16.0,0.0,0.0,0.0,Aprovado,Transferido Externo,B
2020,1,6D14F64F,65.31,73.56,72.75,5.0,0.0,16,16.0,0.0,0.0,0.0,Aprovado,Matriculado,B
2020,1,8305DF57,52.75,63.94,65.4,9.0,11.0,16,16.0,0.0,0.0,0.0,Aprovado,Matriculado,B
2020,1,9E496CF8,49.19,73.06,75.48,7.0,1.0,16,16.0,0.0,0.0,0.0,Aprovado,Matriculado,B
2020,1,FCE06B33,32.94,49.06,42.38,13.0,15.0,16,11.0,5.0,0.0,0.0,Aprovado,Transferido Externo,C
2020,1,AA0F6218,64.31,69.56,65.77,3.0,9.0,16,16.0,0.0,0.0,0.0,Aprovado,Matriculado,B
2020,1,D8AF9C4C,21.38,20.88,19.75,16.0,15.0,16,0.0,0.0,16.0,0.0,Reprovado,Matriculado,D
2020,1,42057738,14.56,10.56,7.04,16.0,16.0,16,0.0,0.0,16.0,0.0,Reprovado,Matriculado,D
2020,1,B5417A22,40.62,37.44,27.12,14.0,16.0,16,1.0,0.0,15.0,0.0,Reprovado,Transferido Externo,D
2020,1,66899E51,77.88,76.69,77.9,0.0,1.0,16,16.0,0.0,0.0,0.0,Aprovado,Transferido Externo,B
2020,1,DF9A142F,27.5,35.0,26.9,13.0,14.0,16,8.0,0.0,8.0,0.0,Reprovado,Transferido Externo,D
2020,1,F493D715,56.06,78.19,73.56,8.0,9.0,16,16.0,0.0,0.0,0.0,Aprovado,Matriculado,B
2020,1,0AE66D11,52.5,62.5,66.08,7.0,8.0,16,16.0,0.0,0.0,0.0,Aprovado,Matriculado,B
2020,1,79616288,46.88,48.5,49.96,10.0,11.0,16,4.0,0.0,12.0,0.0,Reprovado,Transferido Externo,D
2020,1,04583447,29.19,32.19,25.38,15.0,15.0,16,0.0,0.0,16.0,0.0,Reprovado,Transferido Externo,D
2020,1,ACE171F2,33.19,39.0,42.56,16.0,9.0,16,3.0,0.0,13.0,0.0,Reprovado,Transferido Externo,D
2020,1,FE4DF1AA,82.94,79.44,81.54,1.0,3.0,16,16.0,0.0,0.0,0.0,Aprovado,Matriculado,B
